ip,DSW,PSW,ASW
0c9d9de1b19e7f39b08f49ddfa26744ae26d3adf8bd59af1b16e203b6fa5fe4b,G6,P10,S14
525c32e31f7143b79af15f2bf2ec59f53aa1eae7ea72a4a1e41696912ef8cdda,G6,P12,S2
99becf8368ffd875b7427c638393805310f415f19ec9a9001e2e2c1b45d7c5df,G6,P10,S34
e3038539b9fc41eb81700d2bef4d67a017cb55c2bd21d534b31d429f95938fcc,G6,P10,S6
cda65f227e38e764c8e5d3d2b3fdbcaa5f09fd0d28514b2edada9be579e13a58,G6,P8,S3
d5e42b9ddc64d8db6db800942555414775a8a6ac139414781a0c59e27d94581f,G6,P10,S14
7ac079e8e16d3953d70cc2a9eef4963f2cb6d82500ff6bf486d4500add43c0c2,G6,P10,S33
ed37c5d601a8fe92474a0038ab8451900454d0f783466f99fad8922762dbe9c6,G6,P8,S15
d09515e09d5bfbb19dd63f62533e0d62e6d14a7dcc196328f7d5249bbea6189b,G6,P12,S9
fd1a5039bed9182849696d9665be0cc6599a60b5d9170a1c2f6c1cba15d08dd2,G6,P8,S19
d51a06e851b40c8157dd571e9bcdeb20b7787a9afd0463a0664349c15152d365,G6,P8,S31
a033118a64a84fdcc0f3aa218ebc0c79948d176f9ddedcdcde3a717719083603,G6,P8,S6
1d5c05aceafe74c7f7c3a4558d313234630aaa8b066ee05487164d9d897b3f03,G6,P8,S12
76f676c193cdb8d2892fc92cbe58cf2a357c917ddf0d845c926edd859ba1790c,G6,P12,S16
5be6fdf78f49d2d3a9475734d4662f3552704c53a1178c9d725890027b39993e,G6,P12,S24
aa72174f34c6ede04b98626beb1c8a274124701297b98fb4805c780e64c59a4b,G6,P12,S25
5817353dc2cb393164e33c2f35af9300a13905b5ec3afad1de9cb2aebac9298f,G6,P12,S12
6d2064dd38b16d4dc252570f6d1b4c9aa830b8990470b99b895bcbf6a3d055c2,G6,P10,S6
9d54ef2660c9109e3cb192915e9f8e07b7116f5d3d9b96d936e5cf77e1158cbd,G6,P12,S4
8aa684050d8cfe35c9d6e5414fae2807d3e84f701c684283fe13376da4d01e31,G6,P12,S9
22640276c6b09bfaf268cc10efe01e962814e98447dd20b95f0b5e77e2f69be9,G6,P12,S10
9ee9bf71a94ddf280b21010ec63317ecbb85fdca7085a97c67e7ff5ee1e9e011,G6,P10,S22
58cdab3fc1d5b32e2404c39c74925a8565c5e64938f334bf98b13cf9108fe1c5,G6,P10,S19
0fc609bd8c9a2e49ca5cb79c381ccb8b302aeb3ea05ed5a598ffa4ca881c091b,G6,P12,S37
775ecd26364a494a2c3806dcf5fcf0e8ca2d3829d0ff7047e573bbdcd7c8b579,G6,P8,S2
a1b9f6d476c92bafac82fc68f527955ba57725d484015f51518a87ef84883fe7,G6,P10,S21
b2fc9117ecd98ecad173d9c34ec14520157a15c6946f94b5d6fe4f35c9b663e8,G6,P12,S39
077dc202f201eeb9cd37151d24ecb45714a40f217dd839eb7a25fb2421ff7328,G6,P8,S17
b7cd9f627860ce3866ee60d01147c132efdafd00a952f1cfd4555e4926e5dcd8,G6,P8,S28
051a6753b72c8e9b42d83f18952739272fe6f709fcffb60387e2dc4b3a23ee08,G6,P10,S5
cfb181098754ee76afe9c88536bfb0b9e1a16007d43f696ff37d46e79ccde562,G6,P10,S19
ab7aceaab7625fb05eaf1ca440bdbf085211cf2daf076631ef3a10232fbdf568,G6,P12,S31
b33c1415b4b9afd1f4b669cc22b9daa1cb05c9e24d7979d3c368d35c94f14001,G6,P8,S6
994af8376373c50bd68b4a340595331923881628d4e9bac44d8938d4e90cfc9e,G6,P8,S18
7f2a42f4d02e102710108e3a21f1f7fe317083ff3611f5c856899c1b0e92fb95,G6,P12,S13
5ef89d8e728c3bf03d2e8bd74a1aae05f9300cfa808f5d6f93ec38ebdb716dc5,G6,P10,S29
8ae58e36b60c7e2ba1558bf3e3a96a46cc7dbb824003e9bc893111f96b9f02cf,G6,P8,S6
11376a2980c9067f8f4328a5d990f2c43954e7d474ce5d41d185f68e8a1b64ff,G6,P10,S14
4fadf13f032ce769d93bf7ef9b49fcdfd8c975cb1ddb38fc0b30a4771a692938,G6,P12,S28
b76ac6084c8c744c857ade8812d0d31a0ae2fdd4a2a5d05043062ae9506219d5,G6,P10,S41
5baa7b86c9d709424ff0e6e05e65fbb29d3345780799284b241dfae9ff792fa2,G6,P12,S3
909945f94e721b6588d924d79c54dbd7d1df56e0ca25f7e4d2db4885c250daba,G6,P10,S21
fa7fbe71054aacfa4201706881a08dc1645a08ade16d1d9a6e4a30fdfdfd068f,G6,P10,S2
56bca2c4b7a62856a68971e5f2170d1dee8833a792194e32d7608ad19e9a98dc,G6,P10,S2
2e26709b4620fb55fd7a78e9bbcd2da6c26ec232cc77c239f4b69692bd6d0b8a,G6,P10,S9
ccaf3ff5fb965b98114ff4243a249bfb4c9c1fa1f656ae52fb52658ebe8c70df,G6,P10,S36
76ecc3dd56e56940e45c71b5b514c8d33f785a8ef0c7bc35a70771aa85245257,G6,P10,S43
d115409413ba75561a97b1af64cd43f65f44529845596e9572f851d0c5a06393,G6,P12,S11
44c2aad54da04e47b32ec544d0c83c97e843f99b478a6faafc44ebd781bd8cb8,G6,P10,S42
dc5cdab108adb3d9a4154b149ab0257d56883304fc6016f2eb108e284b693673,G6,P12,S10
234e7338df053347a2fd0326e568ac3422c6d549086fa72cab8182b922f625b3,G6,P10,S41
c263ea70722fc0d9110654541a00a95b8aba4b9cd7b75218dc704f24b4ca2150,G6,P10,S46
ba81b1c9cd9e168bd370393124ad3058f5da807e5f4d8a4ec830e72152ac969a,G6,P12,S29
9f4d03ce26eb7994a6ee2fc5ad141d37dcad21c2fbd4c5f81071321d35333c77,G6,P12,S35
d433e032f7d363814bd84f09a7330416afe088b18f6daff2bf5f503cbbea11b5,G6,P12,S37
5c2fd762ebde86569c9ff631d33d6ff27f531a519f7d08eec88e566aa92ee0c4,G6,P10,S36
800fb6300f74d1012cccc0b2082e678e2e28cb05c67a873aae47deb48b1c30ab,G6,P10,S17
db8fd01c277f1b8a1a423623ee6abf686b55aa83935a14561d7c40027e912316,G6,P10,S42
982c6e3355ed286f911cfda9b2e5e19a0d9b88933edbe38177cc7cbba98f442a,G6,P10,S26
a6d1d55b20c4e8985353990e2ecbd863473228512c9ac5d3361bc517e454c471,G6,P12,S10
d90041e70d1ac15704f87b7f4ac5ff8a8d66b008509edf9506fa061c7fd8db26,G6,P10,S16
6db5246d73f362e4497e734f043b6bb7233f0c1a41ec47d2439e96a856607732,G6,P10,S14
7759317f29c9b44e41c1b1ed74cca655204f20ab3a681fb6c3d4c92a39725b05,G6,P8,S12
d3d885bfe2f51d4ef9ef3620116418da6596b56489923f5b3234c1b3ab338db3,G6,P10,S37
7ce6674ac81b246a2419f4899545695426c635a91781d99777448f0eccacb768,G6,P10,S17
518bfab31c27854f551948b99d43a6a4b95d114e2128dffad18eea4289e7d960,G6,P12,S24
f69a2babf7debbc5744d6e28d0bdfe9dc619cc671e8be6dbe7812c9754a1ccff,G6,P10,S4
06dc001655a4d2b52b76653ebbe600d3fc2db0152040ca8e267e52c38e8b6738,G6,P10,S6
0f1540b712e8321a7bd72fab032f3da8d705825bb67b091401c268aa6b28f872,G6,P8,S11
cdb454ec0e939cfb7583f4d2a8dc92255ba45e6b5d94ead0744e80f2539400be,G6,P10,S38
ffce801cad514ec7adfe2ea0a37c1257480da9733a12169354ad3d0e612bc68d,G6,P12,S14
51802974a687ff50127232a0819dde4037b0a152cbf5eee9baae58a65055f54e,G6,P12,S25
47b54b963095fc8211922de281e8a1306783c9809d8ca634a44a9004ccc788b9,G6,P8,S22
576f34a967a44d2599eff3ee4140be01930610fcf401dc31c8066cd341a5094f,G6,P10,S32
8d14b1c515614997af0325f45ffdf831a921de6f7a16ad3c5e193bf3fcbbac01,G6,P10,S2
cf81de700bc2569d9c9519aaffd13af1002a9efab9c3fd3d75c3442659a217fb,G6,P12,S19
8ef4bb66e88b4ab6266750b764e3ace97891efeb720d047fbe491106666ecce8,G6,P12,S26
6783ba082a72e8f54afb202c88e6cc2239bbb904dd32f85c9ac893c524db33cf,G6,P12,S28
315a38083a09ce20d2c54a5831d3fdcf83d3dc7f5f4659b50be401493f89b989,G6,P10,S18
7acd990b9db2ffb8b982727c3463746e7c25e0f215c28f82f0f55a49ed0ab793,G6,P8,S26
bfe5c8683ed600a0af3e133758cc8698e67d78ffb58c6c50a9e1305d5f4248ac,G6,P12,S30
2551282ca30cf0cd3752f29b504d08b30d195a546e70cab94a079b1b2d8986f5,G6,P12,S31
d37d038d45afbb0d58d4fbe9d5b03ae408c8c13eb8ed140eda44ff6bc69e120d,G6,P10,S25
855c5fbd856139904b956bed21de7bf3258eee353046fac26d6cea5036aa8e33,G6,P12,S8
7e581744c02ae0fc880cba9c0db561ed2d9da13c92211896aa15d69643291cda,G6,P10,S18
3d0bb9faab220e5b0076f93bdc89948f93452f5e967f8cec8496be4ef9da446f,G6,P10,S44
07ff47f0e5492e95f1430092897d66dca22b4c056f44cf7a80b09ab9e03a220c,G6,P10,S2
4bab9b3f1e691d701885e63807ad5253be171e62cc21bccf0f2a3fb4ba5d6750,G6,P12,S3
0787a47b8a37a1d355d7b8219563afb8f9a0a9f4011dd63aba7f53d3afe7e8db,G6,P10,S29
73c330fde6161d9c321bb51d8ccf700f339b7a52e73d821885e4c8615a4936bb,G6,P10,S43
39f86f230db509d8532f03a297c8dc17532b27b6d74a8157b5351bdaba721c83,G6,P12,S27
eec3fe96cb9d3daea334c75a1675f250310a73b2ab6a8e0035c74689510837ff,G6,P12,S32
c42a306f06b3ac4d112efc022ff3b22fdcd63c7e73cadf93521311f343e92dde,G6,P10,S30
a066da5c3ccb07e65516f61dac9c392eb8b5eceadc4234addc237afd201628da,G6,P10,S26
c8eb3f19b46759a70f7ac6e12e4429a1fe083a4a5161df997f24c4a899ef865b,G6,P12,S28
5b9bd15efbca85179f74feb7a9b0b056104035ee3bf5fc97945461a85f081ec1,G6,P8,S10
a2d57ae9e79c2fbf6a154ac9b4d3a79f0e8013fc04a4df8a06b7cbfad03e2c5e,G6,P10,S26
0885b46d943769abb06782db3fdbeae825ca11397498db4626909aa7ef9f7edc,G6,P10,S43
34582fe7e1b93d7313688ec95f88e0ff5177e7cfe848c43f2fc844069e784b03,G6,P10,S39
d9c651cff3f70b383056cdc241cfb536a44df8037884988e038ab92be821fa84,G6,P10,S10
222d3030f8c5f598978ff6acf406845343629ade4c61ad5f3c9dbc2854016b12,G6,P10,S4
63a99cc3d28bd905000ce6e11922347c1361c3376d58101cf5e10fdb5b43d79d,G6,P12,S29
3cd6633da74439df51f48458d9f89e2421fd451c38e88732f938e91dbea4eec6,G6,P8,S15
f4651725ad129c5abfad7bdb3bce2324a08e33a0f83bdd84a19eb836a3cfdfb0,G6,P10,S2
61d52f1cfefbfefee27e35d34e77998d2ce23c866ccc494ef1c2e64c8386b720,G6,P10,S35
5af211d8e9e35140c4c6bc926196252e423ee8e619de7fba56e775388a60bc2e,G6,P12,S12
41c369ef0970e4c9cc680c1d95512cadd8acc2d87eeb869b89c98ee62904eb15,G6,P12,S28
dcedf5b501beb75582eefeb4627b068f324c5342b179866dfc751669f3590400,G6,P12,S25
8191bcda53ef0d35fc8dc314ca1efa8b89d209f19d50cee9ab5728c85e5bdd58,G6,P8,S9
bc021b0ea1d2eb09e6c2b3f38b42a5aa15c4f2f80599549b6d989c7464e80d73,G6,P8,S26
8bdf59b75777d8887519dfb252cf4bca07a7aab365a789ba3e1af544aff92ef9,G6,P8,S14
3c74d2e21319ead618616da58e04b1083d94acdadce2367374d0000dd82b4ef7,G6,P8,S28
425b686baad8024a3b7ea9a8b2dd226ec8240d1465882cf3da564e532bb77f86,G6,P10,S10
855d39e8df7ad4e4cb98eb28cf23ea94593aa704e646e85f12bc73c50158b285,G6,P10,S4
5f98f0060741414bd6ac2dd2782304f5e3b1bcde64e3dc9d90e029537caa76d3,G6,P12,S21
cbfc33ea440d4d1980f19e8d9e599f9987c38f048235747cebe9d796f66bf339,G6,P12,S14
a3b507d96c75db07655616fe9f4ec3b0320b74eb357dc7782aefa68afff8cb36,G6,P8,S1
1ceb004834dcec0b192aebba30538d02e8c6fdcd3cb3b0d86b21a7d388534656,G6,P10,S3
93ef237b34fcd484de3e7d23ebadf3c2872841138d9cf5cbbc6e4c7b90592f99,G6,P12,S4
b1c64e4b251ac1f7df1b3d8ee533ee2718987188022372a358c354b23d915126,G6,P10,S38
6a3ba87fc5c1c43ec89a5c2f18ef63c17c2bd27df2ccbc8974ca9c8e171abe16,G6,P10,S32
79ccaf25a9edbd4f00ee7be5389f117068c594a377a1ba87bd54942e580ea959,G6,P10,S32
4e6e68c0962bc88d1f788d1fec37a69c7bee07c85c585b31f14b1fba464a141a,G6,P10,S36
0160e9f1732218b2fca287ed0db85a888c62da0d49dd24b375b4d12dab941306,G6,P12,S41
a1f6ac33467c2543a7b95f6deb45baa73cd58ecf85315e5bb2a594d050c9b12d,G6,P12,S3
89ab06b777f297ae191ebd7f9d410719849410423a973bce31c4623bc76d65f1,G6,P10,S13
77691a53c1c9b77f6ac4c24ea93173be605acff94e3a3de0c7b309c461ea65ec,G6,P10,S32
6461b4f336e131c483d7ac5bc9087f4fea9c09df6a544429396db6bdb9790e1b,G6,P10,S7
9186370a77bfcb8459886f222827324bd0ed01e7361180fee4b30ae3ac5bbc61,G6,P12,S26
ec00df6049b33487c4332117d098c27cdf36c95c5250cb27140209f5a6ee5db6,G6,P8,S9
aacf5800768158acea8bdcfc20fd2527fe00e908a2a723466457630672ecf634,G6,P8,S21
66b33e9a0eee63928c4a74317ba74d2731e8f97e29eb1157d5f7711f7aed18c1,G6,P10,S6
ab559093f651dee72565585fb5ea24aa76731d99a7b6052d3681e786ae4c9868,G6,P12,S32
d5092d6a08edc04ded52f8ecd1d59d0d35d6b78291a51522223166ab0645ad5e,G6,P12,S35
48f6db11187512e1ca61a67d97f0a2d06e2a34cf4880d071e85f9b1c4816cfe1,G6,P12,S38
9cea6cc00c5b272dc52f3f7e833c35175ac3f7db29a32c6c6b0720e3da78fac1,G6,P10,S44
a59383ef4ee5ad681ea537f891cc6ac79ecfb8ad70149eb6939cc5e2e4c2c25f,G6,P8,S18
2da0d7afc16339cabc0c94d9988b763d033596854602da0a40e6a71dbf6af958,G6,P8,S5
d86cbc4194c9ddada84ef36c6c288616e4781f7935963868b285c55361e76dee,G6,P10,S12
a4e96a0b00385c07fee267e686cc03ba472a9eb945687bbb959397d932cafc29,G6,P8,S4
cbe1b54c3051a7141135d199ef376d65ab39e480871b2e6fc22051d6ac04fb62,G6,P8,S1
84ab41382d277daafba7683cbddcb8b0ed7af81b8e166f8bda6f37f3f53b5770,G6,P12,S7
cf20160addc233a93834e7bfebaeddabcc3a4862f30f85621d534a1e1ab0edc1,G6,P12,S41
ed4a4cbec184966553d632eb368ad1f020eaf385e84cdcfd8a1c3a4e8906cbc7,G6,P10,S40
e36a4be9358019965aeb249c217cdb96187b15e10de7f1e5a793b6ffb8797bbb,G6,P12,S3
af76c58f8533b673a3641b5a8bd7bf23a96a725ab4a291dbe5902b0e9d80d941,G6,P12,S22
4206c6770163d8e04f6c0edd8b967d890ca36a5e6994a2b24227cfadc0664b90,G6,P12,S20
22d8815bcc4b7a8fcacbb5a9ef491e5e1a7c23abe7c976ad25c10f2f89300127,G6,P8,S1
40c72b29047a5f3d42cad779b72645e1ba3d2e7955ff0198b469cb5b880184f2,G6,P8,S23
3a86172838164f145896a56df1453b5ff5d30dcadeb21c4eacb770d324377253,G6,P8,S26
9576d7dc0aa77c0e17b2ce95e62322541b9317f4ab7e760cb117c67974c1d48d,G6,P8,S33
793bbb2a5a7663e66a865a7f698c47847010e2fb9678d54919e05ee12f76f75a,G6,P10,S33
dab980968edd61e2b0268c2dd207463a6be6e526b9e122b3cb45ae7740267f6b,G6,P10,S22
64b11e450ebe02e0c74fff45ba3fbb6adf6a5ff2af8ae82c5d348928a094a3a4,G6,P12,S24
cc49b7e8589553f9184a9c9820d5247d4b3d685a7a8f32464bd6ca75fe7315de,G6,P8,S2
5009faeb9de55f4893e23a8551de946adb35b398883ece8c5674149bb70fbb7d,G6,P8,S10
4d597e1510017296673346bfa9411abf279c9475ef2bff58116d411e3b5f642d,G6,P10,S19
975660245f6d5205d724948622d56b43a008421d9f8d26ea0a5da4d47ee07007,G6,P8,S10
897e5287840a88e0a86319762b40e1677fd64629c7bfcbb893977b8f4cada590,G6,P12,S16
919ef7b727c8cdd58003316b27d493b0193e2d2c5bb2fb43a5be8f2b25706f6d,G6,P8,S5
ba939f657636d3ef4b312a020d590b000f903c0ce2025d7ee0882ac1b4ba085c,G6,P10,S4
ca9967d9f91babe0b38af74a523e674eb45bc2b2c11025bdee22387fbee2604c,G6,P12,S16
6f7f5f796213ffd191d2a737793e7c958522c32fd5fc196aa36df14107deb159,G6,P12,S22
ce9a7a6e5835d3748b52545a266d7abaef500c5c4fe07dad59ba7ba92bb2d129,G6,P10,S32
015b161703ca81c6e3ce0a3997bed757643ab24570f9dec1e0ea035e2b860dc6,G6,P10,S25
f89855c6a40c7490c9ba3273a9f65e5d131a733bdc843cf30cf25f77f14d3b49,G6,P12,S24
c7b50657ed4b9fbc1588f88dfac2ee7aa7267604efacfa9ca6fef5d08ea76a1c,G6,P12,S11
866cc8198d496b6ef41a9eb8952aea861dac273f4d0df1d6687be404b0ddb55c,G6,P10,S6
69746a2cc17b37b8c270533c86444d1db5323e6b1df44de619de75d038d07306,G6,P10,S2
3b775af33de07d1c84015b46c93a3a6209b6e20b95a08344758ecc54575bee9f,G6,P10,S38
a17b295ba21ad414a7313b1d6c0c7c45be7cb679b78134e7f7e96256a751a9eb,G6,P10,S45
f4450a52ab00519d39c3623ba8e54a3887e7cbdb488a2ea5f8687b0d31c24c80,G6,P10,S9
b067d880af9e03b751d83b46d1800a25526558eec09172e26944edc71a2029cc,G6,P12,S12
584047ca02819dc725affe1721007cc623dfd0099b8582da6b53202537fd4343,G6,P12,S38
8b137799a315499d15d7149ecc5f64998dfe92f85f51d79e455f60624a5d3de5,G6,P10,S42
06ff466619b5feb3a1054ebcad7d42b23a6672d6be5bb2ea5cb1fa1dafcb2415,G6,P10,S20
092531d2a8c67cd6bc4fa16021b79c55076abc57bb2cd8de33ed09e16d9654c7,G6,P10,S45
b711f75d73b49bf903bd15a599147e0a8dbbc3d77c03f834efdb1e5af7fd008f,G6,P8,S8
4f4ddbb2476700a0717dfdb3277012b48cd5b42cc8408f7bd6b525d95c9fd844,G6,P10,S31
6fbe946aebe20508b25fc68d3dd95bfc49377e7fb83347fa9be18058a924ae9a,G6,P8,S21
9fc930519bbdf64d1ca191e64086bbae71033179535d10d509618e6074ecac96,G6,P10,S48
77436d11344320b662b60bee7fda5a09a86697e9ccfd9e1a91574bc3c30c34f8,G6,P12,S21
716515a7d8f1fd3276767bd4e0b43d2075a372a8b8e261f4fec5c1008e928cc2,G6,P8,S5
06c02c4c8d25592f2a62ea352de25abb213b7d64fe767dac8d1c31af835ba01e,G6,P12,S2
c3d61f383c8a1f0be444dbde02879d6d6e0146168d1fee8c910c39b9840bf36d,G6,P12,S19
b93726e7cb1c41e9e3cb5979a7f75d04acf27ef0aca0681ae460b7293f3ed553,G6,P10,S35
7c4f1d507c74fbe18a6021436ff08424bccb185e2d7395d8cf8afe44fb536ee1,G6,P10,S47
7b8599524ac73d2ca968b05db83f2ffeb1ded25e326c1956b2fae215caa98616,G6,P12,S2
61c732d43ef38f197349b639574a7a4ef80516ec4f966f6d2b1ad3550f65e68b,G6,P12,S17
232d8451f6ad9dd5fcf5b0044b632d7b09330fc6fc06bd5bde7bd633fe3a9552,G6,P12,S1
7956495925abf3397339a8cdb384c12fb781f86246ee3b3f9bb58ae512f42160,G6,P10,S25
ff597b6733dbf7e82e61ed61084ea0e90687a9b31ab4f47bb1a17143dac6f5fe,G6,P10,S14
e3d5bc4e1f970408947b9b1614deea2d38de1afb9a8a60d396ecd92f00d778ac,G6,P12,S1
3f60b375cd28b665f3c01b6b35745cc8aefbe48fc0919536fd70b968fe6ac9e3,G6,P12,S31
a823c04e9cae73930b2030bd5540141c822364731453c10e715a4e9769720a90,G6,P8,S8
882f129513746c2fda5a7d3fbf7fb5431db2c225f382ad023294409c6f449a58,G6,P10,S30
b4aff3a5011f6958370e0957ac11316d7f8f63980d86f96f18a1f65221ee6075,G6,P10,S15
40020d6be7d80e98d45dc4414283c69f11e11f049b818d4c836c324cf6db4bbe,G6,P12,S40
ed0a3c7462fb50957c3f9378141c50e90996c874bf3ea07b98d0780b2bd60910,G6,P8,S4
85eb1326a5aefdd45529fe203f732de41ba0e638aa5aae485681fde489e60a0d,G6,P10,S33
600e021631752401ea4929838202cb11a9fb2450bcde09433c1abaa2e30619f7,G6,P12,S22
26e33b950eaeba3c227234b22a34c25a3835011203d70214c288e5ba5222b651,G6,P10,S8
6874b5d156fc864f719aa2dbedfc28aa29b289e66cb6cd1671b4cc42f9f7df9d,G6,P12,S2
5c89b8a39f48e4f542780f2e75d77a04d4202150062372407513c87f78609e7a,G6,P8,S18
71e60564e29d569450f7247297e55c560cc1e2bd7538396eda8a543ab56c143e,G6,P10,S36
f0dfd5ec649fe8c1b299019c3015bf6653cab50612763830841c176f9e653414,G6,P10,S44
8577e9a59013bb6281889035f6cdcd309672f863662b9db07c98e5fc70056085,G6,P12,S29
93b66cfce47b4224529343b15157258ccd982b88bb0cfe1e58edae587b98cbe7,G6,P12,S26
b63f84af0e79b91fed5579d551587ad8e4415725d0024b5f053ce3fb8d2fab0e,G6,P12,S20
277c0ccfdf5d8086e81c3e838bfcf4798e9ff71d4211e59a1ea1d42ba122f196,G6,P8,S9
d1850d03983b89d929054e00bcfebdfc7c3ce8f336040f296a8a916b3d48c7dc,G6,P12,S9
9b0ae11cda8639d0174ec1b86f7501f98744c4e3161274865994ba117acc5e5f,G6,P10,S21
164faa3f8f38544a85d5e3837a1fafab85a1b334bd7a715102d886febf1a8b55,G6,P12,S5
ccbf383cdfbcd32a4bf02a78ced260efbb305109986f3e4f27f5b0930d5223c7,G6,P10,S40
382ddb091ac67ab0741845f0eba281bc1dc74d7b3488209987fe2f9486afeb52,G6,P12,S5
42975bc85993596295b72a5c86a7d80f17c31c50399262654273438073777d2e,G6,P10,S36
4c5c944ddef1d878032722c35d09b3807c6f16b314c445bb4618348d235be33c,G6,P10,S6
d502fa6eed81424f65205fa1ed1e11c3294772246a25c439fc9177083e716036,G6,P12,S20
f6c74645e6550384ebb6c4dbd8b186472e7bbe75ac5984bbbe4bf71143028072,G6,P12,S32
e1a75ba6d2581068a2b1b3906cdfb8e966f5898812f883d18176b1c5e93e82e1,G6,P8,S23
9d69a783a01c6db88c55f737e2f7ad261c595e75e48a410df775725b34ce0b43,G6,P10,S6
0e9093aa16da42d4738651c102cead76e35065fce43f67fd75b88040b4d560af,G6,P10,S9
f8552e983570e3e726e859e96b1153eab947cafd96a6302cad220fe24fc34c6b,G6,P10,S2
0cfc427a8cda3c0a7a5556a5ce522210ac64f0685853cb2db0009250e028ad80,G6,P12,S5
5482d6cb302c5c5fbb98786fa14a36b480ead7615610b8f1e476997c4e75ba4d,G6,P12,S31
b03b815333feb318c0d2354b47876ced5e866c05169b2566158199b139e7c907,G6,P8,S32
a5631b062aad8875c48fa02e06156ca855971be1ef7aa155330805a75fed1f19,G6,P12,S42
24378d33a044a3185734a913bd61d5ba26395e8e157273eed341de248319d967,G6,P12,S6
5b2fd56c8fdca265f8edb658efe1ada24531079e628de28e52fbeb8fb9d5cc49,G6,P10,S47
228dfdb22522384b5c4fbd06fbfa432a74835255ee915d5802ee37d28bbf28bc,G6,P12,S8
197ec2349742da5416d2d8977148faa51d9993997c7bb7ebbc12dd1fc1231f51,G6,P8,S4
b947f6efceadc26c1764f42cb350f1da4c323807563602f8623703c2f0dd65f5,G6,P8,S3
805a099ada4cfcfa7468a91c0e4dea4850b12cbb52451cc8cbd6243cc92f9e84,G6,P8,S23
46547b40034dea27dff7a94dee665d3804b7869286d00dcf3508b9a98b4d9bd3,G6,P8,S18
7c88b8e7c1941cac0e074d03c9267bf1a0fd29cc81fd4b42001af05613af7224,G6,P8,S19
744f67b925ab940f508d87b1b010b8384c0d7a0fb11723a6ad129643d962072a,G6,P8,S5
85facd4305eb3d375c44b132c1169385d78de0858fab4f1da6343fa2188b7bb3,G6,P8,S27
9b4dba4a65044d6f392e3703bd9f1ec065012396e8ffe41e64ed1f0e73dfa9cb,G6,P8,S3
8359428da28a785b899aaaf2e3aadf7ebf0222579cdc6cdcd4c6c2ea1c032189,G6,P12,S27
7a4e9a06e2f1ca49ab7e57b38e45dd0296a55b8142244421533703b032300ee7,G6,P8,S11
e8a6c63013018920d33ee7be2cf24aa823b41f5c0a4489c8194b47b0b7a1402c,G6,P10,S26
f4b89eea3683c8bacaa91dd7bbf94f0f33562ccfa71d9641b0e443846b120a8d,G6,P12,S16
df04c888c76d0b9866770bbf3b592a5e530fbba8e36eb90be1480368a218c98d,G6,P10,S47
c6c14d5c949b1a33ee97b6ff5bb5981b1b4518a9b914ad1ec082c8e6bed7c012,G6,P12,S9
4b5d756f9d77a96409b999df834b3075ac63276514fc06386159abf98332ed9f,G6,P12,S29
525c848660e8b01b21dc67545d23ecff874179d6be8a79f8b7d3e14a6cbb3d08,G6,P12,S26
73409d29197559002ee6af86781d706813297f846b8cbc229caabbc30993a430,G6,P8,S31
bdeddd1dcf5c936b6e143d6c76ca85a70239ae74fa86ab9da53554a0cdb8c3d0,G6,P10,S39
4c5feae7dfa72ac6a72b6e4c7d4540bcf277a2a3e6e81c93f8e55769fedff625,G6,P10,S29
221d0ddc18e88e2e15b50a92d097a518cf8667bbfdc9f9a687f4352e30739bfb,G6,P12,S23
a025ab7ce00727e5376f66810864bac354661210da90db64c73da304d0ba58a3,G6,P10,S37
0af943d324196eebe7deeddeb67803d766f392f998fb39ad4a6094de376f2df9,G6,P8,S17
dae8e41a6f16251c72b3d33dc7bf98db21eb03e8dcdf931141001d401434ad43,G6,P10,S5
9ec8461b567bd7e88370f8279bf74d1259a6831554727aa490cbda7f0154584e,G6,P10,S45
5cebe6f8bb0cffda766a3f740a9970e7c5c79a77b1f5b5e3a4c6ca8e559bca3b,G6,P10,S38
e201639e9aca5251786008153bbba34eaf87971051c29fec3635cd01e81553ed,G6,P10,S12
999fd19b7d5dbed1f4305a36aef23c060286097703862b60a9efc359fc08eee9,G6,P10,S9
1350ea9763979c3dd868d56a8bd993f8b6694e1ae996842fbcc5f99ed6e0d1b8,G6,P12,S15
7dda98a9119e6de31d54cc391210a3652a4ff086e9450b95a013eef62374dd95,G6,P12,S18
a373cf446361b2a3404c6ada6b855cb36929950e04321c56f25f995724801337,G6,P8,S4
9914d79ee525d67a7422f0033185879f3a2a0f38c0e4206d9e8c4bdf2b3f2e07,G6,P8,S2
71231b18c0c665820e8c95eb67d6ccd8ace969bfdc79444fd6a0d9d966af22f6,G6,P12,S5
66d12da7cd968a2546b9cddd99feaf2250522826d736e2091dc9c461ab6ab46d,G6,P10,S1
90d73a8ff2585ea277e99f3f01de57ee357e8018ac21a41c1e9d638df5ac5209,G6,P10,S39
bd34dd638fb06406d1139bd6dae38e6e2a2b90c65602789fe45d9d0b87ed42b3,G6,P10,S22
01100278ded8590b457bfe65f81f1848807da8e44376da576846860fbd3575d3,G6,P10,S42
259aa2ed0c99c78cd5c5850d86dfab54a505dff5d9dfbfa285a0b10dfe370e95,G6,P10,S19
5e38412f581f8d389d69bef06422b7982e94688caa1f7d639ab92b57be0886b7,G6,P10,S15
d4618963aa47539ebdc06a9e72c73478d7ca6f4bc198603049d1e5547b94c8e6,G6,P8,S28
e4430848385d96a120ba6810f532c457f92403b8bb87531d00b166da15302464,G6,P10,S37
04a94e502b8b70a04a2f3b8a952488e52c17b6a2accabd523cfad728d7d46410,G6,P10,S22
852a8fa2797796cd7909609ab7e4a98ba721d6a0a14e47a4f333c1f7e75c1914,G6,P12,S30
37a04745e97bc363a75f980fc0e1afb5fb59f4bb217f4af73d8d51cfab648b7e,G6,P12,S37
4dd845f57703c46e891cc9c795dc084954386d17da715cf9a81de6a42da0cdcf,G6,P8,S32
a2b4c28537374cbe427d9e2460e975d704d70750a8568365a5e9eff663187e0e,G6,P12,S13
a020d931ae4ff8b33e4b9502cc57796b453fea588e9eea1c734e63bececd8b51,G6,P12,S3
013415523b6dbcad0afa69915b3e6834159deced618d381c7d571e76d8aa3e3f,G6,P12,S37
d39ad6d5bba96de6b78f2f9904a36bc8b0857ca1b2e3d65ade1b1f89d23d3feb,G6,P8,S11
303c4291c473d8f9820bd107249a83fe8c30e2f6f3585d32ec187cd9e2f4cc0c,G6,P10,S29
3a2b69243c987502a40911dd47fdc7cc05f0f2cc11801ef7fe61a3d562ac45d4,G6,P10,S38
bb3eb76925f6e2d781c672d29b513918850c14ff6bec8bcb75635404f0d77fc2,G6,P12,S36
306c98b89ff393fe5c0694b58ee3e76d9c84ec8480ede9926e42147bfa285770,G6,P8,S18
f9e625f3f4d2a4c9f7bd3566d848ba3fae7edcdbb8e2b4d8498fa44bf2118387,G6,P8,S28
602e462956af958d09e710f3358ae650fa7245e0efd09b5ed940dfb8f50d1d26,G6,P10,S9
573c09493a091ad76d79aadfae5cfa72c15c842ce6f17a02bca115faf4db1b62,G6,P10,S21
0b3234adbb68a5e422d60fd6635e3ac5d6f5ca79aa3263652ca73b34ba9c8552,G6,P12,S16
677129c0930767e2eb4849b6ef18d4586b41fe456ca53833f010113dba360843,G6,P10,S27
8d7b9d95f2a828ea10a28ce588180321a1be729c0f5dace889c2261e1e95fd1d,G6,P10,S3
c20de951d1007bcfd16fea85ee99a3b38b9ce7cb4771371004f02de64decaab2,G6,P10,S7
81593bc4125042807b2dc4537fb6eceb85c9bd450430573705a6dd5f8efac623,G6,P8,S15
5c62f2daa0ca067d573afcb05b41eb119589ac8e7711edf215547d91945a7a77,G6,P8,S14
6b59281ec216c53be65484386e9aaaa93588178acb5d3fbfe22df46299976a39,G6,P8,S17
5ff3ac5657644028c1aec8d9d00b6d92bdc640035f1e806be9ba35a0f8ceb48a,G6,P8,S30
e53d0dd074930764511f0b314f80620001f7e70bb654f4f3cf5b13c57318a523,G6,P10,S48
83df3ae0eaae8620fd048305de5b8dbae81f0816e0c415c577035cde324db51c,G6,P10,S11
d440ad3cd53184545eaa732276c4e916323f01e4d299e6d0d5a3fb9a46a5ac85,G6,P12,S7
93d6c9cadc8bbe91119d651c7d1bdf34a5c2f2645c8c14d831c36479c3274b69,G6,P12,S15
2515d95f040ae48b85c2412b1b7ba556f2e3f4fd1d878a6096a331247b0c2285,G6,P12,S14
be472c2c3b75b5346f103d2cf3192976b00d3c83ce927fef28b8d83e40089346,G6,P10,S13
d844201d61a6b954e2ec53d2e2bdca789de6ed3f7a443fae1b24ae376337e966,G6,P10,S20
86a44e5931f46338c7ae40966c2c49bd061ae0ad89317e02b026aba5e79c60f5,G6,P10,S41
a7803a8da6c0a1b962ab40276cad95670e88db401491c042546022520091ef99,G6,P10,S7
6820d16c52d7d3e404dc13a324da6bb7ca648ae478f1694310d2f5773d60b7a2,G6,P12,S11
b09ad7722ddfd9b80ae1fe6a7c16a25630adbbebed6ff8c95dd8a1f6b729d577,G6,P12,S13
d20aa104d3c54344333e06b6f13980bd9fd2aa1e787d5626623e8a1224d6675c,G6,P10,S29
8642438d7ac0ee39f35ea218caad2b3f60e42341c09368b938fe9e33ec1ee594,G6,P12,S32
3f71eb98eb04b23134d5e9e0a3ebaf1cd4044e76d00c8eb740cde62d3de12466,G6,P12,S21
b04f9763388944ac4cdb31b90c16c26a1d6be3a1e2c1fe18d71c2a556cba735e,G6,P10,S41
d6a51330f5c33e4be106ce33f857c83bf1050bcbf86f769c70ac79f475677548,G6,P10,S25
7cfac1cdf25c540f97d404a82a22553a88257af1d68378c35b3cb2a92c7d6a70,G6,P10,S10
2b83bf7d3a658b4b46e4c788b152293a5ecd89cade697c9108d13551fd87687e,G6,P8,S8
90233abccdc31086ac5034ebdece9ee8140c629d079105377e0087397a2183fb,G6,P8,S27
cb2a680f54d77d83cf3fa6d55e57853925471ca43f7396dfc84d0def71c52fd7,G6,P8,S13
17a729f373f887a0797ed5ca33bcb39ed00934e5eefa3b6d1d4d14354a44af1c,G6,P12,S21
f6155d7460d1c8a49ac7ccf8595a2029aa92929686cd3b0cf32204a0b5a1c4fb,G6,P12,S38
91897b8cd524c15d815abbc2914c9c691685a0018c29a5a6980d30312ae09f52,G6,P10,S46
64d6b69b9e6cdf88f4142968f1928986388069cf34f2b929f5c6eabcb3620952,G6,P12,S4
f35c410ee3aa2ade3a9200d453d8072f2e04920186f756426fba2f2ee29020dc,G6,P10,S19
7afefd13b8fd950c26f3f9287e914edbc4d318586682182a79e3b537c7d5bc72,G6,P12,S16
42a7e9cbae1583f92b2c37bb26a1f95c41cba7e3d5a5978d4bbcba7922e0fc6e,G6,P8,S7
9c1bd21746f7305909cd231cedef9bbdb69d8b7ee043cb0d9aaa94057d11bc09,G6,P10,S13
c1223086e23e49bc93f557bae128301298168a1a162a6c377696075c5c5fd1d1,G6,P12,S1
4a0ae9bf40233b7199621e94c3346fb6f7d4ed4ca9a19ac2e56378573dffef16,G6,P12,S19
0c21b4ca67e6c0aa2dfcea4cf73fea9c0523a1d0bb8c0e49f1fac9fb998c0215,G6,P8,S7
bebc79f2e24ce96da16587a57dcbba5ddcefd243173db85dc5f67a5c698701ee,G6,P8,S18
6c5487243c6a5d3989ade715452854fff2abc0a78d1702b550d5609fef368fd3,G6,P10,S28
150350ffcd0b385a5a2a6470201a529aa04c9869d49ad77c045fcdc179d484f2,G6,P10,S29
dff008ec40ff0277063879a26fe20839dea357546f8431e86ba314804edf4e27,G6,P12,S23
20f84fddfffbbfab682c87ff269c5bf833c2ecdf72615f6dd87ceeccbcfa6acb,G6,P8,S32
a180188a970666a19ba3cca589f1300dc2c3461c7e116cedcdbf0d9f07c99a4c,G6,P10,S31
f4f50d7ede2fa2e3e755911de81bb0ba0b96c4ee7487b5233ab05199f7c14e12,G6,P12,S27
1f921d31b7a4ad3e4bea225fb2fd25084a4d08a7753129cca9971d44f6873099,G6,P12,S38
aaf79b47f30b45ef73dc738cdd2710062639242f75129d308734cc73d99d7d9c,G6,P8,S7
e87b85a2fdac41673542c702fd890dfce5e9a514cbd3ca3b1eea8e059ddb945c,G6,P8,S11
451029105cd567d55534410db58a11e8cba2b812d082a0f15016b7344e0d7cb1,G6,P10,S38
6023071bf3c73cfc74f372e0457dea653fe1f54ef261603d497a89089e9b9b54,G6,P10,S14
dd47214765f0e6be3e085f8fedc8a43d83c92f5c5ba259b1d836ab9db98d47f3,G6,P12,S4
931e2b5303ad17ad1632a92d75d503163d05102bcd2837d1fd1459ba3c4601ce,G6,P12,S14
13af05c263bcfa77842900aadbdd6c9cbf83bcec5b9b63f2d94ecb5693596ccd,G6,P8,S14
598809609360e0517e8e92f3158990287e8e28c87e1ccd2e664398d6d3f00c65,G6,P10,S13
dc249dd91ed74a0bf4f9e967ffce721bb05b127328f3f6c1e71b6220e10b9fb7,G6,P10,S34
76808525954c62d4eb44fa355ebf150919210672cfd62c1870ae6488837efca3,G6,P12,S17
1655d6a0ca51afbdefd27ec247b2019f6c75d586f41bf968a18b60336511b869,G6,P8,S8
0464c121b8bb6ec7d5caaed8a10b4a6c2739f9fe689c6113c98c50545a74a2bb,G6,P8,S13
bdbb9b6f9c115689aee8a3e32c233b989b7b9b92032233a6576678e86e14bea5,G6,P10,S1
bb42e5c4cad9d1dd8c70f8b1b65d236a02dcf498915cf35935e76944fc83d717,G6,P10,S39
f16047338ffaa87fb26bc65f58bc16ae532d823a32684dc94559b29180e5dc99,G6,P10,S30
b9564dce87ac9622434a2ef9de5c5b587b266b97e352b2567d5943b3e21c6442,G6,P12,S9
1bd9b47c38bf7b6be89b4d0fee585719a541088fe9e96c7e03118cb8ef8ace80,G6,P8,S31
096c9aaaf677251fe6b5dd902cb9fd0a1da9305a0cc252a8d792079e3edf63c3,G6,P8,S19
0b897df6270d38a8421128df01e9132883abe99d0ad1f3959915d2758bbb3ee0,G6,P10,S25
90565361527d367cb2cb18c428a9ded5e29227a36ec8d958c2618fc5f8c5ebc9,G6,P10,S47
b68b4e25e320d0361d2a4c143599cc803858405142009b0d1a393bd8495a587c,G6,P10,S19
435ad5c3075639483f056ee2fd7ee164f668a37720a68caf35376ced700baf8a,G6,P12,S16
1d807ca3d41e6d0694222da383eb6d27e20a22bb7f48fbf94d7f5d7c5b9ccd25,G6,P8,S7
4e2488a283a54c0d025e55b885b5ebf38124b55131752c4d70ddc286991b6a4b,G6,P8,S18
27c402406da1f88416e3365ee26ba598bdd0817a8bee7c175bccf20e2d9c8ceb,G6,P10,S27
61dd78b4be0de1b4a85f70ae061fadf3602196219d10840b09132a4cdb79bf77,G6,P10,S17
104a8807c28569e2a84d5b76a955a7063e500f6f0daf75c68141bdbb73634366,G6,P10,S23
b48da2d5cc84099dd0067ed4a358dacc4071a96d92094f5983eb951b081224f5,G6,P12,S20
71d8928c368ea91632efcb839ac4b6c0345689c7cdc8f0df577f3a92b8b760f1,G6,P12,S18
00739f2a56caa97abfb5d2e37baeaabad64c89873c9b3505c9b55714d42da400,G6,P10,S47
7381fd99f4d0e21068a72f4ce3e3fb4e121df12ffba599137b9e90d7d21294fe,G6,P10,S15
8bd29cd3a6c570901c5ce23aa0a5557266068fc370e1e4188f056b2fdae24944,G6,P8,S23
56930296baef3153454636256d77c329b7b1377390eb54361e458900bf97b849,G6,P10,S43
136bd85b9820ba362042e0016fd0f730d7140336142862eb251d4922c9ff35f8,G6,P12,S8
6ac646747a2e51733d849563faf1e4154e94547c182cb67c21370790bd1f66fb,G6,P12,S30
0c98d63a06c16306227d85aea0eda478a853c206eeee758978c66a2550a7e73b,G6,P8,S1
2db990f7cfe7d9aff4fc1b444d122ed05b4517ce05426a8b25e4a7a64c9ff1fb,G6,P10,S3
dc0f649ee2400d6bb075b37c0e918bf5ec15b1a9828bdb7253c5eb415c91bbea,G6,P10,S12
7d1473e1ff1d17f07c107dda540eaf1a0b7b091595542a68f316c1ff04500981,G6,P12,S20
9a3f4fe003eed1b8082ba8eca37fd63e3171dec1c035044f73bd736884109cd8,G6,P8,S21
a1c59ce4eaf78b384f134302aab90eff1815aad7059e67796453dc498f98f76e,G6,P10,S5
2dd82b2f3541744d4ada6c643cae2abb64bfdcf1c3c95329098212d448c374df,G6,P10,S16
c53f2753adbe23cf2e7f16f09ac2971bceb9ea3821fac8bd24de44e19f900f09,G6,P12,S6
59187fd97cb5fc1dea38db470baee29d1c4918fac2b24be82b8ed688019d98bf,G6,P10,S48
accb9eefa51a5f2aa6b524ad0e3e02077a9979d2a5461d031fd423be07b91a67,G6,P12,S32
3caff3e6b5dcdda3f40588302cdb5d93fcb258061d3ec1c18365ae3cb92ae54d,G6,P8,S8
2d9f28f2d29efd67fcf88b46579d32e6294ce903364b9de49c6e970b50256407,G6,P10,S22
e1641bb2d388351fcb11147a53eb88225579e6576670864f446c00c15ddab05d,G6,P10,S5
6fd71f7b884d8b91276b939e579463532a457dcc3c8214f19aa9b26404f06c9f,G6,P12,S1
d29e05db52ad2e7af6c0965d684872a4bc47d13b7d9e0c186f21bc8d6382911c,G6,P12,S30
8cd1544f40442d3a19722dd22c303a0da592ac484e2e59f480ac3b14847466a5,G6,P8,S19
e7b90e37daab18f014e56ea20e717073814f483f75450aabcaeca1813ba74991,G6,P8,S26
5f4097132890f545b2e9c3afe07526a3caee37a66940021b02c57d45c176f9d8,G6,P8,S4
c4d9a0e2c4540fb5c25a378d1022a19d534edf49987dcc1bc7c08fc5bf130d9f,G6,P10,S16
8218b111fe7ca7285ad468f3a6fe2bb2549ea65074810a6085da9a680e690070,G6,P12,S12
4c62dbd66bab81811a6c4570a03e149d93834db36effaccf8cb6ee23f96c5a7c,G6,P8,S17
3ad0634c754ed6310dcea23c4bec9541647b2d02d48758ef02b1cc77c16d17f7,G6,P10,S46
78d8219354812e55d84c9558e6dc43fa2c38616433df3749b3067f7794827437,G6,P10,S35
d86ebc4e77ef9c3a75a22849fe83c6cabc5775f82c3e8acacf07c9347d2f8306,G6,P10,S16
40a30c37b3c4edd1ad0a18dc3e23a09002439b59f13ba0d0aa69cb0bf3c2b958,G6,P10,S16
96574f437d0dbfd920d39af00f31be36fc32bb43bb1b3522a4272d26d954384c,G6,P12,S25
fe2b0d3d4bde5bc177b803f76d2853e97b0530758defb117c8de0788eee5f507,G6,P8,S1
52f819887dc9d409d6983314d354bbf185341827144269ed101ef777216153cd,G6,P10,S37
5bc54b3960e8bb7e5a6d2eb9eb99c8273c92caee11471bfbe10a73152cfdc966,G6,P10,S11
da8d8afbaebc318bd083147cc80278042c28759dcbbb72bcac86b6ced44342fa,G6,P10,S46
308198a5296820911f175ef0ac1b940209309776b66e989e7cf102a496387944,G6,P8,S33
82102cc926224a82c7d6fee576869b29e5dcebc4fef1b0abbabf1011574e15f1,G6,P10,S15
205d9143a8b6af5bbc3c9fd6b6092008f3e21c8ddc085a0838478e07bbf1dbe9,G6,P12,S7
e1279fe5ea9bf570ee98ae13266fd5415809a4bfa43cc289a1b8b3ff6ca521d8,G6,P10,S17
1584adf6d6097c4d0d939f9021333584c12ef5feb818f008905e6dc8db786af0,G6,P10,S27
ed169ef76b11477e4c97e282e42bc7f601c871563cb6acb072f866516ed65661,G6,P10,S41
e7849573a58268932e33469ae0c221635d692b550ee2cc5ebb74aefaa2e01c05,G6,P8,S17
ebc1aa20c75fb9b4bbc20f4c92df10b65b6bd3470b7961a4dad6725a6460fe3b,G6,P8,S30
236f219127cb30c5024827cc2422fd451d3897390484b706e1626c0e060be081,G6,P12,S37
fa4b26b640286418c13b641aed379b8aadc12c8fff9ada961e7e22cc2d8e870a,G6,P8,S5
1210d5aedff44c3bae45e47f86797b542c6bee1be81465562d30019f2ec5eca1,G6,P10,S16
2645ffe98457a2c58fca6c89d40117c6e63ad5616965aa5d701d54e2418b484b,G6,P10,S43
0b10a5f6842814faedbccce0a3c9b8e84cbae731f8e2e21744275e9fb22a90ab,G6,P8,S6
a553e03aa841d00357749015acd9c60f4a4e2d5b0a36af4afabf4a1cee690cfd,G6,P10,S31
208431ce81c231a263cd0f2fb39ab4065494571da8bb0bb06d6a30f51b848510,G6,P10,S11
7762391d42d8b194690c4bff892c402eba653e012fff4eabb8e7c6c9efec5c61,G6,P10,S1
7889971542073d4e82208ba7639f80bd07b03c0eac509b90c02762087e9aa401,G6,P12,S11
b635a4bee954cbb4643ce91d47f7e0d39ac28c28274a0e9ac7c6c9f245cc1a8d,G6,P10,S5
2a70556888e34f4e534276f2abeb8dbd52aff5a4afe5f083bc2c4b0914f6d5de,G6,P10,S36
53072551df28ce5257222a8225b2393157735eb90fa80702aa5b18c02473db7f,G6,P10,S18
5bbc5dd00f9ebb987833f359db889b94287264cc6160e37298966f035a60b4c6,G6,P8,S26
448fc3d3961ecd171bea7947860e369d1083a3864e0e2bc5407a28c4d7c10626,G6,P12,S4
b0493a64f852889b13184a151d49d9963ba97514faf6edce71908a0d2a6b81bb,G6,P12,S42
d69686babbde4812068e5e4a62a278763dbffd894171a4f46974ce8fb28b4824,G6,P12,S36
a44048e4c0fb277dce42edeb758b3c7969eae45594539b2dc51a9ad3a45ce5cb,G6,P8,S11
a9025c93989b9dc78294b75f7ae9df18ed7e4fd368509466c75b22fcd3b50da7,G6,P8,S12
4fd7daf12d40a0cd7d0cc3e691da72664d64ba58620e0de8a234181f674f2434,G6,P10,S22
8bdc266df992565b565dc2148d328038c2deb9cddc2c7c215e99d3a21273a09a,G6,P12,S19
d6c91b5dcc4cb932ddaa35d6bc48342d234b0780675dababfc83b36628b90e98,G6,P10,S42
0db0301454a0821a02681272968228b6eeef486fcd87b7e6685388b699e6e486,G6,P10,S10
7e456bac5026bb75804ac4b8e142440bbd9feb859446a0c18f66978ebb9d20e8,G6,P12,S22
40b77f654a47f87be68a4ad2fb71029f4ad14b2bd6f230add4daf38529ff3489,G6,P8,S7
a43eb8b1ed7b4797aaa4f429aa2270dd969718567ffeb9a4ae8d90c95e20d82d,G6,P8,S7
37b1097a7b3b11e77b8676655da705aa898699bdbbffacc10d12b6f4e010c658,G6,P10,S28
34021c5c6b011cfb41c5c4a568d753f71f42438e517cccb9935a67f54dec8aab,G6,P10,S7
3d8d24fd1b1ad8b892c407e950b34f3318331a9aed1fc0b066545cbbc59512e1,G6,P8,S14
784dd6928d3c8fe021e873761df706dc4df5645bfaf35e9ce7f3b8dcf8ce9fe3,G6,P12,S8
c0ec08b06f255614f3871b5d8208d758c0534007a694015a71663ef5639fb63e,G6,P10,S11
4845d4cc19d061bcea561e76273033b5c8ff7f5c6530897ea6c83b887357579f,G6,P8,S23
a65cea5820b0930c9d1d3bdcc5a7625449efbf0794c46054f13f13e1931b6122,G6,P8,S12
5c72a8ebcff72f0964d61b5fb0548863f47943ec7566c1d174401b7ff82f55b6,G6,P12,S13
ef2ac9c875350d1c40e5832ebc4aa05c4a0bb33c198b3fd8618bd27bec4fc9dd,G6,P12,S17
7eb17efc4a3afda486d6d93297ee73b3e925c8bf6c0f1c1e7dba23d665e6b0fb,G6,P10,S35
1875bc137b53a889787cad0b5cab8fc9becf6011ba1348277daecf5bd6f01481,G6,P12,S1
3e77a03cfc23ce78d4dab9238a09294a504a8d53b4e006b8efb115203e31ecd1,G6,P12,S7
76c100e6beb07fa31580d3a574f0d010cfe66950bc71cb0ffacc00fa7f0b7d17,G6,P10,S31
942c8b97baafb6e80f2e871b4106e8cd47ff1a925bc3e5a9378c022655af3532,G6,P10,S7
b873ccb842b2844c7d5c5f22152699fa16284c97068ef9de9e4ab30b4849984d,G6,P12,S27
5a7e0db9c7a9de41a36827e9c4cd04c4535688ab8fec1d38fd98e1f0e6384f93,G6,P12,S20
31fc2be80170854663ecb8a2d1e8cdc49f68993c84dec2fde77372087219da8a,G6,P12,S23
6666698a0fc4b2dc7286c61f7859f89e279c70e73943b675c09de426ee5ebad6,G6,P12,S20
3e0797a16e0151a7a1d9780e564b5dbd641ba41b9062acb71a5f7d114d3ddf7e,G6,P12,S15
be7ba899ab29658d44611a7332f845d459ad6b61034cdbf4597b4e518c0d7923,G6,P12,S24
af9a3a6d70eb050ff40c1f3e5270ad4d8a94ce50cdd6a4198278f9020628e978,G6,P12,S2
a54f1760769a38800d10de647af035a16a2e0252ad2eecc71fee26daeecfa82d,G6,P12,S27
b0fe652fa77ab70c36bd93eb58c865e08d84f773cb0a2e8c03f9b6e4beeb779c,G6,P10,S8
2ed33d94b3c7a0b1ec0d27c56aeae9c17842d9f974b3865141c2065b0a0a94b4,G6,P10,S8
6c0b901edd862a5bd759885339f1beb24632409b6884c34f461c1a9e6fd4d3ed,G6,P10,S9
4f0fe37ad0b64a96eea3eb9d489bd826a45fe33260ded03f89c7d47448441a6f,G6,P8,S11
e6aa5297309b3601aecab98563a6f5340084db2c92cd0d9f973f990cf22f802c,G6,P10,S26
3621f5454f2ed6b4b7b30b6c21c024507f899fb23f1d450bc55ea6814310244c,G6,P12,S6
a203096fa4288e2f091a27321ef73e2e71c2b65a985d6f25c260079bcf6878b1,G6,P12,S26
7adfed1a73d221c6596139ecd5a7e012c0e45c42ae96d5356fe9dd52e509a022,G6,P8,S10
532d9016532f0b4213dfd6fd928a8e3085f0d8cdb6682a44abd14073f45a459b,G6,P10,S32
81a6bcc9a170d2722b690c64573ad1ef622dac31664175e75b3015004d26aa24,G6,P10,S45
8bcb601a5302e6844a2005d67826d9a242210a202bedcc623b6244a1b10697e7,G6,P12,S37
447641462614dfaa8c9ac46efde2e1b71236549d4309237a5649b90f212cbaa9,G6,P10,S8
d56213ce13aa806ddf619b55f65955d630f2283671a5c449e61cac87ef2beed8,G6,P12,S36
5a19af250c5fa4bf58fd2f7e7e1e17c02ab7c20213344e8c3f9d164a39d46501,G6,P10,S17
c61a2c28fbbf2d37e530629d0ff624b7bd55aac8c30b66d44e8875cfdf18833a,G6,P12,S17
2dad44b7fb3a3e2626ffb442874a0429aca43d3a081f7e1d48e948467167f0fa,G6,P12,S39
1996910cc83f3f2497a67b1492c8e350908f327ff1294b12396ac0974f84a34c,G6,P10,S28
248fba2526f4a63865e92fcfc7d4b7b481de3b25804e7aa623bb6246055cedb7,G6,P10,S24
93de899743acb06a5fc647679f38ca308b4c37fd290322414a0e1781922d1f63,G6,P12,S19
045617a7478cbb9eb0d97a62e1c4fd14ad33d04af4ac3339fc2cf13d9aa95d21,G6,P8,S26
e62ccdf86a184960dc760a8225927c454aa1bc4b76b864cb66f97bca48a01b48,G6,P8,S14
177a169afce31395109b10221ef63a3e393522960d3f118c53b9a449df95c22e,G6,P12,S7
3ed5e313f7bb9ed6d34a9706b0c85fe582d5c0d7578376a163a7ca6c953c7e4e,G6,P12,S19
113b5e6672a4336963cdece79c2ddd11e3c960a961fb1f3c05d28a29fe5d922f,G6,P10,S43
6075fc7b50225ff85884510a35ed9fcfaa0fa97577ebcf886c92331a4e0cce28,G6,P12,S31
d88e21bdd9dec34221a6330a9721f25d11632923978a259992cf18bd83670e80,G6,P12,S27
2f576833786b668717dec1db29c60a0cb0d24cb7faa0c6a449aac973e7daf8ba,G6,P12,S41
e22ac4a515d1a049733702a976ebe8c418f7651f93f5b47ca669c52532a06137,G6,P8,S13
f7316bc221609e2126e57b48ce64cd26a272ae7bbdaa5727bb6b2e0796e5db29,G6,P8,S19
ae7deba28313b04ac3330edde7531371b731a643e6ae200ec9d7e7a9fcb12d6e,G6,P10,S27
2ce7485238919c9286823e31d01f703772c0e9f59ec752e17467a4fc2850e85a,G6,P10,S41
de066000e5c03105a4019f76f2b9b0c68acbd8d799d46936b7d9d5cefb020b4e,G6,P12,S1
0afde32c838a8e9244231641fcd2eeddb68ba0ccf98c62190680457768175b09,G6,P10,S34
dceb59f05a8be75ab2b218c654001cff1255bf88d6256d5157eeac1581b51843,G6,P10,S17
7caed749d272f14d25f4dce16a4bd4f37461b9cbc50487108bd96f2be87f291e,G6,P8,S23
036674c85459ff0668c7bf8d4971673f480fc00e305be40868908845dffb0b50,G6,P8,S29
6730ef432a3a2ba4fb47fdf3783823229063fe17c5e6b1156e9296a5fd9f73fb,G6,P10,S1
d5a28ba674d9179ad1020e1610fd9218a192e94f6221469bba75b2b1ec66ed20,G6,P10,S15
3b4665dc98b471daad1359685191982c0b6bbfd7d9a43b56ae8b0240e7aff305,G6,P12,S12
158e4fd1ad89c8e4733e4fc8c40ccb676a1e4d3eca0253d4fd288900a322f8bf,G6,P8,S7
5216017635ebb6b1b51bf2ffe72a3ae35e21fdb00222f774641013a260d778b8,G6,P10,S48
edcf1474ff46f77bb32dcc568122f32237322ab75d3f7278c239fabe5b493b57,G6,P10,S20
a64bbad26c5dcd45df81a1491dc93fc6476d3acebc8a530b90cbff1ba6c1cba3,G6,P12,S40
34ad4b29b2c41034f5b4adf96370ba19a7f4efbd556dd5df1feea951ef1af856,G6,P10,S4
a155b690e0ec1e1ce44124255c5f492144ce1e494cba58e5dee827d26eab31a9,G6,P12,S28
52a8f9a18b08c6e491d6631252198a3670e1e600e069a57be4023baecd3bb54e,G6,P10,S30
8d716308eca5a0fe49e11f7d1128c31b22fb725f9ec04ac79022429daf766b08,G6,P10,S21
d4d002b999b5b56a0d507033c026e3a3a6012dec8415fef0f780912dac03b275,G6,P10,S31
5756de8c0cde1213785fbc64bf428af90526535eb4d855f3c8241adcd4d36dab,G6,P8,S31
fab59080107e70378d0df5108938b457412e233387ef9382bbe65013759860e4,G6,P10,S27
21163f86636bf89fae6ebd755fb330e06492509a6e169d38d6de31e8c47487a8,G6,P8,S14
92dcc973c6860cff60259af432792bd96c2bee1065ce2b2336c49f726b8edf95,G6,P10,S35
389fa7150213d93f1c3361240a4e4b55b77199c21caf134ee30063455a9adc41,G6,P12,S25
8d85868eb0ed0cb0b2c238194841e8c4d78dba3e6cdc66ecd4c928f8b5119694,G6,P10,S31
017648b1e3ee306f7dacd36103e443aacec02075f3e6bebddf006745c1dbc94e,G6,P10,S15
90fef476e62b8b4b0f07ef076c133c75bd9993d5546d7070e324379c208d7e72,G6,P10,S10
9c2f9feefaae4f5153c471539ca3047825b9fd62847a9402a91d45b2ad0aa285,G6,P8,S30
32cba800a4af8659904a163991873c9bd67ec9c00ca52a619993c21440f09c80,G6,P10,S35
98ad550dbac5786139ae978a6642f60ffd7419e7a92ac552c0da2daa3d34908c,G6,P10,S11
7c8cc9040476e0e721a180d56ce58eb426f8211b02d4b390562c6870554dab82,G6,P12,S30
c2ace86dfca568119914442d286f00378bbe5d32033dd673bb035d4f669be977,G6,P8,S11
e177d2c60169dbc1aea41f8188284d6be84f130f8df6c5af88cd568e10fbfb6a,G6,P12,S11
86bb29e5c1e335ee9219e97083a1c9a392d4aa5ff68f7d4ba7c058d344b4f1c4,G6,P10,S36
88a634689439167ac78c43c84ff3200b08a3c3fa0f6d9bd12268aa3c810cf0ae,G6,P10,S6
2fb67cf92b867624a60079dc97a9e08f51e196609526300d86d440bb85df4c93,G6,P12,S33
12bc0b2689669894268f94172bf4f0a9d9e01bfe630c9fa7f4d07141cef39951,G6,P10,S29
44631cf9e9e1935b8956e1c0b136a57c3161ba6eb04d8baf39431ee84cec51ab,G6,P12,S41
9d3bbdc2668116e7225680fa83051c738c9b9ba1fdca630205d955a011ef62ed,G6,P8,S9
b6c612e40f79cc376b74e6a39b70bc8bda90411a1a1d8fc5073dff79e14fee08,G6,P10,S34
51422842fdba84992e508c22db6e71c5ff7052694e5e89403e397e0251899298,G6,P12,S30
a23092fd2c28a8bdc77356e412e60f3f083876434925b6b68b77c1c647fcc78a,G6,P8,S6
51f8fe7ba49264e39bd89c890dad981ed43f1006763b7115c5b3ae23e718900c,G6,P8,S9
87d5076739f248c181128c7010f726f66c9fd7f15547d75c47379ce3668bd876,G6,P8,S10
eb44504438e549e34d1b4fff0d12ef4ec6a998f7ead5b254ad42614de0010d23,G6,P10,S31
167e6cbe77af15791d22b5fc3c969d1389917b2cc29c2f4d28611e5053827182,G6,P10,S39
45333ceb7f4ab11df40ca99aea74568bb828dbe6b2a3ee7d6762c34d219cd4be,G6,P10,S33
7d4c773d50eeb4d430e74d6241f0f8595a5058018e950ac886ce2f9a428aa5e3,G6,P8,S29
a218bd2b2c1ca210b4639562ae8c5ba218f09492271d0f48c8dca00f9f51247e,G6,P10,S28
e64d980ed5a98fbafe6798974b9c867f77cd8939b59be78a12ccb20a5693427f,G6,P12,S33
a3fb3ed5f80fb33f9966848866f42ac400811afff7f8cd86b6016a800c916e4f,G6,P10,S23
b74bf508edf922b65563670a6b23667090634f74aca49fa7a8fcd3713ec72d53,G6,P10,S10
67413efb52ff5c027980806efcf4a8c530bab9679658cbd99896be5956b9c882,G6,P10,S13
fce38a8a7715e54f93cbf92879e24aed27e140c0bbc43f546ec096b2b96a93a5,G6,P10,S8
06b92d82efb63bedc32bf77b88228b932bcbf05ca229acf4ca0164ccfdd8e29d,G6,P12,S25
d3cafedecb9431972b30af5ec4f5f5fc8aeae4a355673f47ce69aa9c7dfd3b0b,G6,P10,S16
b56954fcd8e01d98f2ec0bb44eef6cf55d7e10a0101c3a2141f0f2411fffccc4,G6,P10,S48
89ad3dd2d8a6c438d0ab0e30dd6619e69dc1c1e1a3a27ba518e95cc073ce7355,G6,P8,S2
eac4932fa0746275456aaccfbbbc3b3f6c490b6fc909ffb8959e338adb156770,G6,P8,S21
1905bd6a76e065a021eb28015d92ceef3643ad80fcb1e8b150ca3c31116c246f,G6,P8,S28
e6253e7498ffc82495e7e8fece1165eb042dabe450383d2d6cf574fe53bb084c,G6,P10,S5
e06b9299d41bd383e93d216a2ef6f9c924c362f4448b8ca8a267d5abe89b8b88,G6,P8,S13
f0d68a7457ee86cbebec3a700684f792f619bb914efcfaed9e26e3f3298ebe23,G6,P10,S46
1d0008ef76f3e579359041694f8044cf49f71e0639a825b7970b99d723f76347,G6,P10,S21
6ad311d769bff088cdaccebfe317913d75c9ddeaf6a2e275880af638e388fae8,G6,P10,S11
680782ac4d6c1d16c3fab7bdeda4994f33fc1c7c21d7d86583f550e8aab9aa9e,G6,P10,S23
2d1f3f74639b00279140135610e4d4cce920754951735fbdba524f6b1b94a5d5,G6,P8,S22
943d948a5b96b40e1aed53bd58aeed9e0aa0ee5d7ad82a8084a2db81a487f885,G6,P10,S34
40ab7ca13a04c726f0db67b423125611dcaa56c19b8f3a3e31cd0df72983308b,G6,P10,S11
1f705fdae943c96b01aa1df33ceb5516a9f410e9ebd320209ec70e64aef41490,G6,P12,S36
6dde55140ad3a9820c2037db5409328b9e8e167b57862c3d2befdd9d45b9cd04,G6,P8,S27
1ca19e52aa37579860b9620bf10f4aae30b9eeb2d317734334ec8b4cd4f9b480,G6,P12,S12
23e69e860c54842c3ae9274b397317e332dfb1a02b816bd86dc7c1a3f45568d9,G6,P12,S40
bd59609dc13bbfcfcf7eca0e55093e10b82791f1654f959ad4cd6b7fffe0733f,G6,P12,S31
f0033194257bb7a29a4f81dc72b60af5730a14d299e6ce2e85c455f981d758bd,G6,P12,S5
0f45e9f0d167e57517dee39bc3b5afca5fb7f1b25cd445d98a13dbee86ff25b9,G6,P12,S8
c2b838e317292fe11cbf0188d25afaf57c3a0c2d2adac0fd30da0395c7f1178f,G6,P12,S23
2df10b7440270f51200cebe51e9fce90e391ef8ecb5a21edbf4911641cfbc0f5,G6,P12,S29
afe1ea24c31756569f2e8c34678e260dac0819dcd06efc894fff9f8f24a3206b,G6,P8,S3
0d75412c07d740e2bdd2344dff461427c2821c0d93965011247b090b80ed2a7e,G6,P10,S1
881c883f4d8f2d7be3bb0fbc4a4975cc210280fccca4cb1d5a52540ce945b762,G6,P10,S10
351be198d08f8440f0fae6e695e645cfc4f9bb7d59308e75322038a69dc3aed6,G6,P10,S48
4d78562884ceecb95bfe10e9f4a80c27371a63e7bec7c322de98ab78a856b858,G6,P8,S8
1176d0eabf02240f8ad5b23fe8591b5908f3e173af1aec70aa9d4f4a6187f918,G6,P12,S9
8bfdc1a3c1b5fae2b5022ecd56b07f9d16394ed15e92d9092c97540b548df5a6,G6,P12,S13
da1b56ade54771c5d772bf417e33d71d6489fe2569bb58c314693e470370b8fc,G6,P12,S39
32bd83b92831e4901dd9e53d5765fbd914d28985cfb13cff7c60e00593b37b00,G6,P8,S15
33aadabea4351ee6feeb6ef74240ba03246879140b2c150021913ae0598026f5,G6,P10,S42
179dbe403a8beb9804bb4a780f007d19285046867c40ac9281009db975190293,G6,P10,S47
890c1afd78a40574f10c2b30986fc0e0865520613ec3e391151e3a325837af72,G6,P12,S10
9f485e387c938ac2cee33f2e94638aba4b050becf7c7656d5d1695712896a522,G6,P12,S36
e44a65ef56929d9d90d4731b1d49fcadf130fe797fa5f71eb764e20d579a9c09,G6,P10,S39
ad51e5ff004f5eba6638ce06f446493998032c38905a93d72669235c9d5b70c2,G6,P12,S7
50dacfafc55a592c18193e24cb99404e65749dc92196ff2d7c152e82a324f742,G6,P10,S20
1d0ae827ce45f75bedd7da428919488ee77bf409ba2d1f20b391ff30ba370364,G6,P12,S4
ff62ab904eab4f884bdba1cac0b9b091b7cf770884972192c3c2b6b4d843c12f,G6,P10,S33
35408f8947108b270c98953f568c549bd3748d6290f49fc5116f2f8e81848734,G6,P12,S15
6933069329674f2438a5701dd8163f2b32aa82eded8085f9faf1264af499a497,G6,P12,S7
fe852c8659c416cb83b5f3b4c3ef06f4731f5f2627640850252a8c0d2ea44c5f,G6,P12,S8
7224a543fb99ba5ed6a4a838b0a94d74dc741b8adc4b4f43a03b37bb877b6cb7,G6,P12,S10
f9ebc7d8e7a0459aa6e07350771e0c33cf4e50d7d72e17512dacd5ab029d7c42,G6,P12,S42
a676b9a366d7a76c69554b6a380bc961c8c2e24b1a739bcdb10ef70ad40885b8,G6,P8,S22
f28208ec311f38d2a509711e4ad6802b27867e60c4035f12a1d8f975d2a57897,G6,P10,S14
2ba7f7fd694df31401b6158074f7a307468a5ff7e6085cdb126cc70dcb6a2b2d,G6,P12,S42
5689b302985543d4e4972cee31ea1797c8f8eeddc4114951487629b6c61c5222,G6,P8,S6
9af7ebc38614ce8535c3294dca96201ae406add0cf097d0b6534a3655aa2ae80,G6,P10,S3
1f7195133a95480ccbfcc9767dbd4aea7cceb5de35cb8ca73c45bf533cc34f8c,G6,P12,S27
9e878653f826b61742e1c1ec6c747f306f85631b9ba207ff259cc8e1a6fa37d1,G6,P8,S32
f1173ad94bef76e8d373d05d4d02c4f017705c351eed66d192ccf45bde60e3db,G6,P12,S40
19977f10a584ca2dcf83f2628c275fe173d17cf92bcc23366572294891c909af,G6,P8,S6
201a313e8d65ccfeae118c945499735dbbab47ac485a413f6e783d97939de317,G6,P10,S12
949146aad25954a78fd59091c5cb9b58da0cf529a75d736592c4100153978c99,G6,P12,S29
c1528959b088d0501b84a7f920016d8fbcdf1bebee2c559de8714675b121eca6,G6,P12,S37
a5b7326aee749812fdd5f5f024ab60adf743f8d11ac91462b6685222e36accf8,G6,P10,S22
b5af5efe16e8154d8843cbab364aaa6e2b3816fad09181613e499d8e1995ae02,G6,P12,S30
5d6f1a570a9192e3b6d0131c0a3150cdae727c563fa2f86cc949e351f691be26,G6,P10,S9
613a27d452a0c3efe19d0012b207d93a764ab6feb69e7e6375502bf09c508ecd,G6,P10,S7
bdda5331f4ab2718c9224e8b9630c1ab6c72fb63bd4d1064e243b1a2a1f9fec9,G6,P12,S22
1fddc52e5a06cff99a3893bbdd507953571e831e4c428429f54f2c6006b5164c,G6,P10,S27
a201dbea3fd177baf2d345a4b91997d428eba230d3539e726f3174ad69a73529,G6,P10,S26
7a4efb6d464d12b907a1b11bd95af788c7dfdf27034cdad76e75ce70b0b2c4bd,G6,P8,S32
30bb5da25d60334303374cb0d28df3c1dbafc5aba35a29a839c7013b61cd7b43,G6,P8,S22
7a285ac0e4657c32e6c34c2f5cabfe7ed1c80fc11ebd1d177f3627af79ba6730,G6,P12,S13
7aa12a9790ed8ef6fdb26967f50b17667b5c6fe1b1632444377f65f510d42457,G6,P12,S24
e0fc211ebbcc63abf410716bb8c835a4e75d8dc3802abc09de886693c9195365,G6,P8,S3
e73740a9edacec752b563e6404093da820a860adf0f3d2cf93c0122fcf364633,G6,P10,S40
e02bbdfab3ebc4aa4df27fb765a565932ab05956fcb0e3168379930ea616076f,G6,P12,S5
0c1c6ee424e57fec7d70be5060ffdccfba01a16b2c366526b8d993a0ea83a04c,G6,P10,S23
4200ca2dcc6ae9c7a82645bdea0a9c6590c3edbfd9b2a67585cb7d922da6ad80,G6,P12,S26
5b5984e0926b15d983bac80cb2312799ef38c44a7342804d2a80cf7f759b6ebc,G6,P10,S38
d076479f4b2fc86e72366d9a9f7877a7e777cfeca69a424d44f9ab92170ddc95,G6,P8,S26
a711655acb6d32546a4bbe5b416e6eae4471c39566dd2e1ebb93f785743cdb66,G6,P10,S40
dc6dfe5e3465488e1d5e57f9904c693e3402be440feedf3804ce2759e6bca620,G6,P12,S40
b364a78c153a5adcb4c38eba982c0419c63876cb9c6ffcca15c795e030843306,G6,P12,S13
b59f5c69c027fed69301bc5b39ba34436717cc1e4b3e152fa036e78dbdf69813,G6,P10,S40
4fdb10e5c53073e5a724155303331fb083ff92576980a2f8f03515541e061f5c,G6,P8,S4
a62b31fd4f9d8c9c630ee5ea9438a389575eb899a7af7ebd506ccd849bb3f5ff,G6,P10,S31
437fcf19bf707729b1f2bcb8e1de7ec58711dc115dec1b3995492442506a92d9,G6,P10,S45
aa8300b5aaec2144c7e17aa2fb0fda24d510ca7fd46b34cf89e449c048a84378,G6,P10,S5
b96aca32536c3b750f19c518373e3e94693745d93c65ad71a25d20faf5a7d2ad,G6,P8,S30
988af3ed1fe7c18f2f228669bf319447f069407ec8c20b42fd3c74b89afb2a43,G6,P12,S18
8629bd27021c23e28dcd6113016db1566ea66bb37fdf9fadf2d90c5676b50409,G6,P8,S31
ece3e5b77a02ba5f727d1bcf96bc7667b738175f3fec3941240f2bd353f4663e,G6,P12,S7
652e027e558c4871da8947664dd344b5920565c56964246df0eeb7487bdb7d27,G6,P10,S24
eb831e7d4b677241230cc7c64d53342ba3a097a3f35cf2ba063a8e0997df6bd1,G6,P10,S8
91b82365b3e0de588587b47d97f225763c252a09350dfc92da3e0bc26ea29bd8,G6,P12,S38
aebffeb941d90e63ff4de2a0f98dfca96f07112adf82689445caa5b0e8bb2aa8,G6,P10,S19
84a0971344d3e75290262c43f91fa5895f8c4d77790859faf229630c284bb552,G6,P10,S19
de143bd016f3d99371a25bc2cc0af6c22f66850bacd9ed287b8da74b293c1669,G6,P10,S41
1f8872eaa51a1baac7c72c04a628a90d2a57be2a082ffb4a4d918dc1b1625c3c,G6,P12,S35
74d03faad24abb53c0313369f3a614b964480185b2813059d2a1a88b86a7ecb6,G6,P8,S9
7bbefc2cdb2ed565670a2cfdcfa0597124bb6158617c64e1b7d0c3bffa9d3652,G6,P12,S32
784b72bd9141c9123a513d5908b7f5d548dd63aeecd8b2ed8e3a0aa13150ac54,G6,P10,S40
340b853f9ce6e72cedba8559f6cf22e436fd685b4919c27a7757967ab67160a1,G6,P12,S15
3069a57dcc36c0173220a4e8e16d3d182e69392e988c885a7ed3a1642bb21b18,G6,P8,S1
cdd187621fe797450213170ad59d0ac938ee78f3d9116783cdbc206301d9eb9a,G6,P8,S29
8ca3cad56f5671c7ed19b79b71b35144fde88982be56ccb14e3e73cc8bbcdeb4,G6,P8,S15
22ba88b1a9e68fd23ae30b57a0141f5d09b611980e52a9b27bcd788a35c417ed,G6,P12,S41
ec1acc181df0e77f78bcb7881da60116ad0b1b861d816b8da79a4d08a0b8915a,G6,P12,S16
5ccd265cf6e33b47924face4328ce4ae43a237ed4ce276037b80a7c1981024ec,G6,P12,S5
a1a2ef5f2d2db8abe8f6e85ecd8efda84414e6707bf232b28a5e2fac72ef8c1e,G6,P12,S15
52ebe425760921ac88320862cff19e5d6b4aa0dba7bc4378bc68f0c9e8562e65,G6,P12,S3
93354a4521f198495e21d33f5dbf0d998a98adfc25dd488c4d9f488b2d514ce6,G6,P12,S18
7ae5b9f353d05ca15625bdde7020fa3b23a61d7ca6097a47cff91c2e551b549c,G6,P8,S8
758f121d34b42528bb6c626b9f290e75fe9e6492f03e0d239e13aa5d6b6f09f2,G6,P10,S4
2fa2f46cdfc867d1e73752908858a16b2150876696ef203bfed5b7b817080984,G6,P10,S25
491354b2d4c5ea61f36cce7e70170364224f26ab4c22d767747267a5e1d9d71f,G6,P12,S36
dcf0821c2236efa36caed557a3e307c23645985d58cb989cba34e4ef0a75a66e,G6,P12,S23
436569368b0517849f840560547e0178e8350848075d154b36a8d9b74c742d3b,G6,P10,S40
7cb0a7c41beaae533ea82b246e0068a70eda6034b43a4e3493e179d18822e169,G6,P10,S12
eaa7b052c64594d6f3780e37ad1984123154900739e6ff7340a7bd0e6541b8bd,G6,P10,S29
0f50caabc10fd0efc3595b6a17cb77a86d0e95e2b8d809bdd7dcd3981ec7b978,G6,P10,S42
e726f0cc17c6fda13e32b3165c8e280ac11c643305d2f2c95c0172e04dfd1c80,G6,P12,S8
d2c776d3ce499bc4cb31ea83cd579f078a2cdd9f7fd8b53e111d5636ca918a1c,G6,P12,S11
a692a0fae62b2b2040cda08cca5dd1234a9d087ce081839ce6ee9d9c2ee034a1,G6,P12,S12
53bc583ebaf9c7a436d82c4ff49195b4e5c31cc6e6df740d8a8b983a27f16142,G6,P12,S34
506013f742fc8879b0edc669a2b22a56c7673e6887e75c44a2fa3a80c4edce7c,G6,P10,S34
4168343f33af1b1c3052eafbdb722114f8abe1e93ca02c114144a1dbfed14f2e,G6,P10,S33
3d465599debbfe9b3d601db4545abb5646ff56bb9d0d71b084d7bf4d548f8508,G6,P12,S42
ba7b0fb76bab2bf53a4a4870f9ac947386f161ca298b742d4934fbbf39193526,G6,P10,S23
ca73fdc6a9d3acec977c640a2c8db9a16ecbc6124778d383685ba98b52cba640,G6,P12,S4
b3e107e501c0d3c42e79936499531f4ebc7d6ed61daba07fbb600a08737859fb,G6,P10,S5
c0a16b16f8d8797a207fdbacfb2dac9eb85c57eb836512d6113a385c8f2e205c,G6,P12,S32
15806ccb184235be2e02010d397af187dfad19e1184984b78b3959137b45e265,G6,P10,S1
d28638a47399936bc088a6728e7e3a7ea53f086b260f8d9f7c44c63cd7780bed,G6,P12,S17
3e3e592735d8259002caaa5350f8668ea69fc16c8e7fd349a15056db740d47c0,G6,P8,S2
df383ac83cd642bfbe84761df1ffe089e27a2dc93a8857f34f6c7be00aaa0a23,G6,P10,S23
7182890d5851c7527a99f1e06351db8e9e8621b38ca643e7dc2ca003afbefd2d,G6,P10,S47
6b6eaf57c35e859286a4675bd514de8dd7be479f416982663fb0c2744a6188c8,G6,P10,S45
c00a6796e81c5b1ae27121cc93075b3e26326835e1eea9c9ef6dfefad4a247d7,G6,P12,S19
62a91268e1233ee36a12c62175dfe61ac2c9d35c8aa1c8e1b52a8cfb375d4370,G6,P12,S21
cb3a7610c98b54f314a2ea60ac1cf82eb2a009d85a84ce4de822f540a4b79a53,G6,P8,S2
7bbd195d536e3775850b8fa81c7f401239f860045c76926d7f366303b8067507,G6,P10,S38
f922aa1ac4b53cf7022f52cb2cc76e00928952a1d0c1ff3411539502566862b5,G6,P10,S42
bf21e5f618235cd0d89036d9c86e0be6bd296e0b3a62658ece3f5ce12a6763fd,G6,P12,S39
f65d98afeb155dba81a7bb3d00d8615fb6373a712f0a3ed02755c578b5f1a3ec,G6,P8,S3
063232ecf3406ae926991e974dc2810015688863f91d392b195347a5c7e4b8b8,G6,P10,S17
fd4b701dea2ba67588a8690423c602ae56ce64a19d5356b0f79ea596db01f428,G6,P12,S26
844007bcff9b5d91c992f2cee0ff36a793f820e841e1f3be1f35ee3dc0468aa1,G6,P12,S12
8c9e2676d38c73178d8991e7d3d1c29bd850f536ada87597d5d2b12233315a6c,G6,P12,S23
0b00acd7149011059724a711c0b25cd7f296e1b73a75b2dca369ebd1cb3156c1,G6,P12,S22
48585e18536028a8fe443534627bdea7ccd19ff68507e8ce8a34a493ebf1beb5,G6,P10,S47
44cce32c8c0412e23ca88d25a4dc20506a3a85782febb907d05697929cbc1519,G6,P10,S9
feda0fc6e3d58be7faf97013e08865bc793816852c7a70c33b187444a1878e59,G6,P12,S1
0bcb143b0d5ecfc59ff7d91e6d254d65ed066352b5317e147462333506219710,G6,P12,S11
e895db678b133a527c59a505640b34f18a82a77cc6861a43484cfa4a53dd4eb1,G6,P10,S21
fc0cc256770dbbcf7f24f03550352895f824f52ea6997a34d8212ea33a3779b4,G6,P10,S1
3f08506732307fa4acfd378c6b4d229ccb53fb891b1a1b14e40b6a55ecf45c28,G6,P12,S2
cf2496cf6020b1e328de553e438e1f2ed3aad7d9905be0320ba23cebe52ed8a5,G6,P12,S6
9039f92a84c4a6ec554d9239ac07a6ece9b0ba8a9770d1e1d20ac12354aaabc4,G6,P10,S23
4602daa5c432e3260cc171a5bc46b1003b8822f3fd6a83712c21276aa787cafb,G6,P12,S18
cfd3b2c4ce431581d689190eb33b3ff79109ebe2eace287280241bb59ba05a1f,G6,P8,S29
d1081a5597884564392c3f7b1d1891f80c1a522ea26147c7d15b32cf9989cfed,G6,P10,S37
1234ecac2a777cfc89b7e0d211db6c183492792280c3c4d1521aa47a614f650d,G6,P10,S45
1e76afa8006b4cd83883d51223d2d2b1685a0af41c372a5f5e7d8708f19e99f1,G6,P12,S20
cd9f9a59ad76a42414791aa40a3a33f4f7b0d674e1f5e9b7f9a24ae2cabdd60b,G6,P8,S27
4978d808ccc7f38b0454897272ddd4d5a8a1e2809cef1732cf8c0bbae1a1deb3,G6,P8,S17
85c439148381bfcc3fda2b3a19fb20e8d7eb3f24af092d92a7eeb247a304c063,G6,P10,S7
be251b9e102236b0ef7d14ebb8a239ee52479af1b4e9dd9068ae2701152ffe77,G6,P8,S13
3ba8a999ad7c34ae4f4e8cd57fbd2ad33761e84e8678c6fe2b41e3d23d21d5bd,G6,P12,S28
eb643991c90892790c4307c68c0ffbb67316f01bf577d1ca8965949ac3758f75,G6,P8,S10
15a960197bfea251fd42c9576a6ec3d71c49553a610fab3cc652178d8af2bd99,G6,P10,S24
d7bcd80f96856c9fe64482d9a94f1f13aae0c9682928ec1097e9b698dfdbf08c,G6,P8,S31
7e9ddd7d0cdf67d8fd24f9573267ac90ed95772c0575494e6c19157e1d68395d,G6,P8,S21
2c3a38ba06fbcc75c03fca4a2db9948299ffb361e2aef43eb20b36e7c176bac0,G6,P10,S13
d7f6edc3c9781b917cef21e1abf7b39b5873e240ba2839b62dee63bcd4adcacc,G6,P12,S25
9058988edeeb153321b0154f63d0297ed0491e938db23a1b40db1fb8d62e0ca8,G6,P10,S32
49e2ffd71e922ded1f6cc1152f363af4a3986233350146c4cecc5580efb431d1,G6,P10,S12
a7693ce4a0147d485a9810a9b9e006e29cec3bc85db0572a98320b0f9f35eacc,G6,P10,S1
1209889b7f83ef164f9ed80a8f022957fa8604a828640e0639e5f440abec3f10,G6,P10,S22
9a7c20f6bdf63a167d6ed70c4665dd390f0056b1625230cbe84912930744a5f1,G6,P10,S46
f91e4005f4fd97ab28c652682194dab4bea9d8344c1d7aa246ffb086d045c6a7,G6,P8,S13
e2c7a6100caa07c606e887fb3d2d3356f5e43749b0c8d20578cdd85eff3bd815,G6,P10,S18
cdde665bd356489e9bd8c4a54a7211a85a9d384bc4cf825d1b734a7bfd5f2db9,G6,P10,S16
251ce57e81b00c7363ce835bf27425562f738ad7625b3f8113c486bbea128fc9,G6,P10,S8
cd3078ffce53fad1101176a56e4c017dab840e5577a348076d855a0c3fa20ce7,G6,P8,S27
310800d9cdc970c97666d413fca9390c500b5a682e2fe580765883b8350fc57f,G6,P10,S37
29aaec0b88a994306d6944327e4d98bda739163bf7c1637ed3b37ed163be39f1,G6,P10,S18
f3e215e5d956d8dba83879d94617c8d84d8c52b1f1d7021506836356007aadef,G6,P12,S21
298b37e0104fb955d649aeafcddc4849d62affa9ba106026f101b9c680cb01af,G6,P8,S26
354d6fdf0937f9cc1b34ea5bd69f0e0093cbe1f4ec51db1dd9a5df1588ea0aed,G6,P10,S30
798edb544e10cf12c312ede3079aa5febc88a1bdc429b58a1304adad9baf213c,G6,P10,S3
c578d013f21f780a4dbead8c397913ba8beefbd1acc3524dd62e031e89eee499,G6,P10,S24
bddce88da93214d85b2d80ac6cc7866b25136681edb63eeb4b6cdb747ca69dce,G6,P12,S15
a379453a4c462f5dae4a09d717b862a2de74316e4d248f18b565e14b1b0f49af,G6,P8,S17
8ebeebcafd396f9aaffe8870462371aa108149092f5e785136d3036a00e3ed36,G6,P10,S4
1f7e5605b8d4495b599e681713000d20cbd050ca40b1f4011ba385cbdd55ce1e,G6,P12,S21
fa98e9d46c42350ddd63f5415bdbf08ed803244d98ab6a0ea3bde17b7c9b4606,G6,P10,S8
0a69356695b3f934e18e8877153f209070dabef7b3118dc897d907e812cbf31f,G6,P10,S3
62125085e647e314edeff6bd982284cabc0d3d8edacf71498fcfcff91b64aaa4,G6,P12,S15
143a13b6f663d93424f8cbc6842c0d8d3ac2f98d17bdf9118b676f58f564f0cb,G6,P10,S36
b7ec64a078f190cf1a24de25ab1ca50463946e5d201b5a32a481cd62a5e949c8,G6,P12,S40
095899ae7d8b0752025c87df518affac25b63ab8664237e2273b0923e0181d87,G6,P12,S9
2926fb7d303b4804cf2cbe5fe291bffe418f13c8c8c96e831b20c67d7ef96bcf,G6,P12,S39
ec3258566c3cb6eddf6249823c33c22fc3810e751dd945035091633fc45680a8,G6,P12,S3
11e778f6c156f37fb93e1528edf0f4263a85d75d2215ce11848241512f4e6493,G6,P8,S9
a3af9f1fff230a0d47235d937796752881bc043da6b794f28e85f069bb24c1ea,G6,P10,S39
bb7e5a622b6e4529535396da2fb4f160b8a534f128d468020b542f4a431419be,G6,P10,S48
7354708980755d37cfa2cd4fbc0bd98107e2af7d67f196ee2288278ee29a890c,G6,P12,S42
da75320c4dd2ca087233351a07d9bd84bfa77452fb77f7d7282184293185ffc5,G6,P12,S35
0d928b8317b6d617fb918933f7d271a05c878db0bdd4e4d6ac97e847435a0ea2,G6,P8,S2
33ce8ce29572e5b78b0f88ae37d5ca9a46bbb86b5d3340103d1edfe75aa59059,G6,P10,S24
37785f959b79e444b87546cf87fffe3068e6ef3da5d912a02cd2d019e83e18ce,G6,P12,S17
6bfdcaa11ca68c3b2b4e8d5eb5b25e51872f7c07bbfbecc6e3480ec350142b5d,G6,P12,S14
8c4f68dce76f889c5fe5b2a6cadd30069c2627d63836fa1eb0974727e9579a60,G6,P12,S30
304feeb8bf480a248f5f4c93939b21a4392a960b7617c2933e825c11cd6214bd,G6,P12,S34
8aedd53a5e4d6d02e824ac68328da5f29411ce138426e1a13437107f44c066f5,G6,P8,S18
f3334eac32b9be67ae3c32edd33e96ba095f8d790a2c7a6b456fd0501b12e5b3,G6,P10,S20
37dd41812f496df7039007d328ba195260ca593ed8eeb83b3e4e792a332974e9,G6,P12,S28
02ea92027ed4d328e2111e0273a0c0a615af8ac9bbc349241d86c9d4f755380e,G6,P12,S4
75b76b68eaf36a1b6788bdf87a5b29fe48dc93f77c6c330d8661136023139967,G6,P12,S37
731bcd13c6605f63867235f7affec58b44ef1da28b2ebfe673c71a51176d9558,G6,P8,S7
884e26f01ce0d124641ac9ec5fcd9dbc1bb7c403a450d802c3dbeec1f3297450,G6,P10,S20
65a95615117d8f6d8439e37c38f4b5b60529654cfb3c47758ad5da7cc75bc7eb,G6,P12,S6
1dd9c1e9a12c1b6082f0759f903eff73588d871fef643cab39a5f489f0eb4000,G6,P12,S39
aa83ab8393baba90b95ee3417eb0ff45284cae4faf81400910866eaf134f6388,G6,P10,S26
db9c10136ac5a576ad948e721ead2bf17821f0dea6a206fe6c0b4a10002f471f,G6,P12,S42
2e5b7b8e2551d1be43758f7a9a45429262fc77b8635cc205ee1db309a0334c1c,G6,P12,S36
076c5de38b49d7be1e1763697972da7417cc57b885a6c0a39fca1ff7972661f9,G6,P8,S2
d1b70dcec909ea5020dbd427b1305cac807619679a49ca0bf320e7697f00338d,G6,P10,S35
e0ed93a2e43c82fea9849004eaa607e67607dd03fef57edf4bbc927998e10363,G6,P10,S30
37fd5f6fb478bd3b6caa473e204bc09be8765bb1dfce159d8630cd17b43bee4a,G6,P12,S32
a4e9190960712e57d0b5a7f69850e9b79c7d3959fdb4334b0826b3c46946d58a,G6,P12,S42
bf188cba67d5d59112af21947b4299b5b43a3639bc45976cea7860c6d0d811aa,G6,P12,S41
9511de85e6ff22a015d09656e5761593071617fd63849b57b49945909fa8e670,G6,P10,S3
a7c59c91e35e938d4b0d983d353c63c7091f6bdf83847f03503a88f7d1cb6243,G6,P10,S26
850f875d24180c1b99d0d52398b978c1656d9fd22dcaabd0107a484b5e54db2b,G6,P10,S45
c982cd687cedd906fc002444963650e913ba2acbb4ec0579e8f2785737181b85,G6,P12,S40
bf58669b4ab9af73bfcbbda496a4c4757b2fa3e10dfd16386fcf017f869698eb,G6,P10,S25
5c9546ca1e0754e41d5b896bcba09cfb6b7c341a12619651477fe1bba6250c20,G6,P10,S3
277eefcbed2b5bb00195e2490dc251470638b47d017b5a3e3c7c2551b4b4fba6,G6,P12,S5
a94bc6be7b52883fe5e741723dd5af2015e593a0b994234b43c3a213055254fd,G6,P12,S13
be5932d89b077e0ce978fedfc04b198602316abeed3521cf7266f74a04f06909,G6,P12,S2
9f85e0437cbe9406f0d1d7aa619c2206a50cd2c0e4fae843f40bd2a3b3615ea9,G6,P10,S23
2264c01fc56659d2ce97b95c5fbe498b3c71fe260e8bb9c5c4c7e28879e13daf,G6,P10,S14
40c1da542bb96dcc630ff101a19ae36a616ddab16847994ca35bb53392059d10,G6,P12,S17
577f7f08df3b829b602b72d1a588650f1198aa6d4809b7c0dc59ba81ae53b2a8,G6,P12,S22
0e234fce7e210ee44871368aaaf878fc169de168675a6ad917aec0595aed2abf,G6,P8,S32
ad3874a3a9ea39e1f8cf0bd12832983859f247f73d187a2f162b6ad065dcebd8,G6,P10,S41
f1242925ad67996f89a4f94f73995a32ed0e43bad57e05a54bfdda5065bc7558,G6,P12,S27
f7dec28c1b4e3412a8fe435c1ee0dfb8c82b71057afb035ccdbaa0b2c78d4877,G6,P12,S18
55be110c66a62c423d283b6e8715e09e53dada8b868031fc86363c97be9e755d,G6,P12,S9
70b5e326c51d974e07689f7d55d9a51ee361fabf0bb3f7d91acecce84b3ecdf0,G6,P8,S1
271c23fc3a288d5c9798ce176fb047de90f4e8abf4c8a08b2be12b4b28c50e13,G6,P8,S27
9f510f6781118010c4c7f9c7004d19d6a35d78941361c5f727abcb594f1b6f05,G6,P10,S27
a8093d3c301e654d636f670d95301521aee3ea9fbe44c0203aaac69eb6e19ac3,G6,P10,S4
a8cfadc1a42a4ca0b663f81339f8273f12fe915672ac94469fc8b1e3a852c86c,G6,P10,S43
b685401268ce3cb7eb376021b2c07ca4ecdc34c871638c5454009a3b774aac9b,G6,P12,S6
78a24bb45920922b630f44a9f2faa5ca6710860e8fefb283d9a92f9743953f14,G6,P12,S2
f5c49a9e9a79de84d2215c15b8100e0f00c02e6bbc87df61403c1afbde386175,G6,P12,S38
49c86085bdd1ce92d98aeeb33cd970084fe594d2ab66913945e8f99bf996753b,G6,P12,S35
a0dc8032f93815eb63f679376cf25cdf07fe590228b36e801cbc5c74cce96af0,G6,P8,S30
a16cd30e223edbb3835cf7bb0ac1ae50db23286a3d8d3d1bbabf054ccdd711cb,G6,P10,S18
b16ece5510fa30e38cf3f5d64c47970726df1e7b2010287234c4f5e7379c1cb1,G6,P8,S29
5f45744605818a93ebbd8e7066cf3d3c890df3f0163453adcd9ba1dce98b25ef,G6,P12,S29
0de56c8fe0c136c8453cd751e063b6f98f91ea03f5ffb9ac5c51831e81ea731f,G6,P10,S17
a0a275dedb2fe8a9c72ab8e6e181fc427080cfbcf5138525f8da05613c02d379,G6,P12,S17
825ed7781d02990a7154d84225e98f683f2bf272c0930b623d3735f9ceb1a986,G6,P8,S27
00a787e5a0df36a28b7179710808a8aa775493213da00720f2282a88e97bf434,G6,P10,S30
3332d32a0f5e42ee8fb07b5bf810c3ada0669cb1c70b7dffd298ac5226404023,G6,P10,S13
2b8b94e862a7e8ee47c7f84402b1370ba12cbd5d9a0b1b70d1bf4483dae3f7f2,G6,P10,S30
35a311a8e9e71d268bcaa36919785e27438c67038ff0c45f13aa62fb44a860b3,G6,P12,S31
e7aba27dfcb00094f0f7191a32a252e019ba734662ed1c00b037e9584949f577,G6,P12,S35
b764f640c69df794194327dbeb955f34c69538d9d97b47842615b653166486b9,G6,P8,S5
e5d61c73ca5c010c36be4ebe0071aaf238ae70e57b12d57b669bf59ee17e8df8,G6,P10,S25
0d16819c2cf7d02eda9866777622f0fc18cda50ce21ec6ce3415a582a29857f2,G6,P10,S11
8ac725fb8c9c9a3c28480f99d7d3f6a8663da47a42b8e08b37ec153dbcd4edca,G6,P12,S24
e6e4933a57ef8c91f25fddf22899141cde43e1ccbcea1d35aa74e20bbbcad791,G6,P8,S1
f936e1f83333640111483944d5d1abddb2b15bf58de67abd412c67bf8fd570d1,G6,P12,S6
8f71407ed9646a41cfd18cc2d15d661c505d357f1ad49caf0677509be52754ed,G6,P12,S19
e54ac52e0a92fb68ee9012bb5c40d80c38e79c11cd54025285d8338c5ce73c19,G6,P10,S18
2bbe5ebba996402aad6612b64010b03a00d468b6b50eebdc5be6ad8e9f3331b2,G6,P12,S21
cd9d21fbf25470fdf8eaaa25d8ce9200f2ea1cfe25523eccdef5d2ec25313b3b,G6,P12,S25
1c74732b33a61dba50c4e4e2171164f76d579adabc890c644b5b0854a1cdd6a9,G6,P12,S29
2011ac7bc5f6dd80b569d113c497ff66797a0716df4273d70ec0cb5f668b974b,G6,P12,S28
66215e16b8534ff1377492b982bfde554277ba032cca3e081b6b161da464f60c,G6,P10,S28
e9c6d692342bad96f19c11ef4ace75753c6ae6af926e55445029a7a8f4b3fabb,G6,P12,S23
32e8e3326b2059e225acade6a79549169ce8ae947143e4373098f20291b1dc1a,G6,P12,S10
bf2b0c213d8aab9deae7756c2ad10e36f8be8bbeb71ec2956b347ef334898568,G6,P12,S39
4cfb2ec9cc6d063a35867db2b5380e324bd76f22c7adeafd15524f54afc1d8b3,G6,P8,S4
b7b1cf3592c1f09e90c8e30bcd77a2ff14de85050c2a8a295eef2677ab74da88,G6,P8,S15
c087bbb7dd75e671a7fede8da95f688e9b4f5545a709837eb5241d883fb35d36,G6,P10,S13
6de7b4aeb9a916dac854731bf2aceac7e8a7ba52bb3d8c1046f07d665476ec4a,G6,P10,S12
1de0326784e9416429013a19de3a4fd1dc1ecdb77a764e6beb5f5ddafbb4ffb5,G6,P12,S22
52bbb5f64b89bd47d9a539b61fff792d683fc14f643fe251d74631438a610ddb,G6,P10,S18
f83df0266f9bc4a5d831f213940b810a58cc78fb0ac8a4da28e38f09476ce4fc,G6,P10,S48
0d87f304d089fdda5f219ea68e5b2b08991b07af3e2c834457a88118cab33ea5,G6,P10,S24
949b9ff9a1c3005e1fb07a61f21d4d8204d3c8ae6e5725d222152aec3e2ec81d,G6,P10,S15
759d489c5599070ca350911eab658bef6d6bc09c10f0b61c81abc2055415ef02,G6,P10,S32
8b7404432578a4a42f03e1fd48c96cb21e7cfdc1a92e6fdef13046d8d5a059dd,G6,P12,S26
6a15d1507389642bf67eaa05082547aa37af00dca53ef1cba57ac60663ce918c,G6,P10,S20
617aa776df32ea31370751396b7cc3326a67cb452ec2762981d3efabe7ea80cd,G6,P12,S8
d19ff4ece58f71d7e519fdd56e8081846e39c58e267db7f07d5a02ed1cfc4ba8,G6,P12,S3
06e90f04a5d4714331715a9f22422200867736e6f5585db4d346596c736d22ec,G6,P12,S31
ea3ea794a674622df689bcdc507ea949a5ba8014aabf9722675edfae8d3aad78,G6,P10,S24
e199260287d3971e33798b12b5d9d4d75b36cc78972887f57bcb4e03894773d0,G6,P10,S46
3a3c36099ec1d68c580949183b15fc157ac1ef03f3045aae2b2e3f02c1a82bb7,G6,P12,S6
63382215bd42c199ae53694d7c72844c661ea6379b5153c0089b3fbea84b2830,G6,P10,S7
cb464dd303398f28ead18f10977a5e48e3e278d808dde2ddee457b6eced492a9,G6,P12,S35
28c5bda143db3a0ce7f5f308946b1205f725d7482ac74656d2b4a5e8b31b2343,G6,P8,S13
44833ab15a39f73a5207ccf28d6e04c87d29cf4e7d6e82367018a0dbb5399cd4,G6,P10,S39
a0e30dc4202875ad1a53cfc0d3856afdbe1336e397c5e797065fe737aa54c85b,G6,P10,S12
6d5d92b79895a9eb36b2dea59425f6db1a29193d6893e2cbe5b038526b924214,G6,P12,S23
d4856d9c39560eb2badd0dfd6b6d10f93dccd25193c483a01bbb2734c524b1b0,G6,P10,S40
605a41c369b964e388af701a41e0a5f9f8842c4c4dccfbb1ea6dda2264dd8683,G6,P10,S10
0457406ec84224289cb4f65f1b304c95533977679f979346dc4091de7a391ddd,G6,P10,S15
